Temperature_C,Humidity_%,Predicted_Lifespan_Months,Predicted_Lifespan_Days,Farmer_Action
31,39,0,18,0
30,39,0,26,0
33,77,0,26,0
10,71,0,17,0
34,51,0,23,0
31,35,0,16,0
44,72,0,16,0
34,73,0,20,0
11,71,0,28,0
33,28,0,18,0
24,71,0,28,0
31,59,0,23,0
31,44,0,27,0
33,58,0,19,0
32,48,0,20,0
33,36,0,27,0
32,70,0,20,0
31,31,0,16,0
34,72,0,23,0
33,42,0,28,0
49,70,0,22,0
16,70,0,22,0
20,73,0,20,0
36,73,0,27,0
32,70,0,15,0
42,71,0,23,0
33,78,0,16,0
32,37,0,16,0
33,24,0,27,0
45,71,0,22,0
13,71,0,18,0
23,74,0,29,0
24,73,0,25,0
31,31,0,27,0
31,48,0,22,0
32,73,0,16,0
21,70,0,23,0
32,34,0,25,0
13,71,0,24,0
32,73,0,25,0
46,73,0,29,0
30,74,0,27,0
30,24,0,26,0
31,56,0,26,0
30,24,0,26,0
33,31,0,20,0
14,71,0,22,0
48,74,0,17,0
23,72,1,29,0
22,70,0,28,0
38,74,0,23,0
33,84,0,21,0
32,36,0,20,0
34,53,0,18,0
31,29,0,29,0
34,83,0,21,0
43,74,0,23,0
30,71,0,28,0
30,58,0,25,0
34,42,0,19,0
33,23,0,18,0
19,72,0,26,0
34,40,0,16,0
13,71,0,22,0
31,42,0,27,0
32,59,0,27,0
35,38,0,27,0
35,70,0,21,0
11,72,0,28,0
42,71,0,23,0
32,48,0,15,0
34,34,0,19,0
32,33,0,15,0
42,71,0,21,0
20,72,0,15,0
13,73,0,28,0
13,71,0,26,0
33,54,0,15,0
34,39,0,24,0
22,70,0,21,0
34,43,0,21,0
34,45,0,18,0
15,71,0,16,0
33,59,0,23,0
32,83,0,28,0
33,80,0,24,0
31,46,0,29,0
43,72,0,18,0
33,81,0,20,0
30,48,0,21,0
33,27,0,21,0
31,70,0,26,0
12,73,0,21,0
33,39,0,26,0
10,71,0,17,0
39,71,0,15,0
34,54,0,22,0
17,71,0,19,0
33,84,0,29,0
32,23,0,29,0
38,72,0,19,0
15,71,0,22,0
32,77,0,23,0
31,74,0,17,0
32,21,0,29,0
11,72,0,20,0
25,71,0,24,0
37,71,0,24,0
30,26,0,20,0
43,71,0,23,0
34,21,0,23,0
15,72,0,22,0
34,27,0,26,0
32,42,0,23,0
31,57,0,20,0
49,71,0,20,0
38,74,0,20,0
31,55,0,22,0
34,31,0,27,0
20,72,0,16,0
35,74,0,28,0
22,74,0,25,0
10,71,0,25,0
34,33,0,18,0
34,79,0,18,0
32,20,0,26,0
31,70,0,24,0
33,53,0,18,0
30,39,0,19,0
32,70,0,21,0
32,74,0,15,0
32,71,0,23,0
32,23,0,29,0
11,71,0,28,0
35,33,0,26,0
34,57,0,25,0
34,70,0,27,0
31,28,0,28,0
31,71,0,15,0
17,72,0,21,0
31,51,0,20,0
32,30,0,18,0
32,48,0,21,0
37,73,0,22,0
32,57,0,27,0
30,44,0,22,0
34,27,0,28,0
45,70,0,23,0
34,54,0,22,0
35,32,0,22,0
41,74,0,23,0
31,53,0,25,0
31,71,0,15,0
40,71,0,23,0
31,48,0,26,0
46,73,0,19,0
30,54,0,18,0
31,78,0,24,0
34,25,0,25,0
31,26,0,27,0
23,70,0,29,0
32,45,0,22,0
30,74,0,17,0
32,21,0,26,0
34,35,0,29,0
41,72,0,20,0
34,20,0,23,0
34,56,0,15,0
48,71,0,16,0
34,23,0,22,0
33,35,0,20,0
32,55,0,17,0
30,39,0,19,0
32,49,0,25,0
33,55,0,17,0
30,72,0,23,0
17,71,0,19,0
34,29,0,15,0
35,58,0,16,0
34,50,0,16,0
34,73,0,21,0
31,84,0,22,0
36,74,0,21,0
34,50,0,24,0
31,51,0,20,0
31,82,0,18,0
23,74,0,23,0
31,57,0,28,0
32,71,0,23,0
33,81,0,20,0
35,38,0,27,0
33,40,0,28,0
33,59,0,22,0
39,73,0,19,0
30,44,0,26,0
44,73,0,22,0
30,74,0,27,0
32,41,0,19,0
45,74,0,19,0
34,80,0,26,0
37,73,0,19,0
11,74,0,21,0
33,73,0,17,0
31,70,0,29,0
34,39,0,23,0
45,71,0,28,0
30,76,0,22,0
33,81,0,18,0
11,71,0,22,0
33,50,0,25,0
31,27,0,19,0
32,41,0,19,0
34,40,0,19,0
37,73,0,22,0
43,75,0,19,0
17,70,0,17,0
34,31,0,27,0
30,35,0,16,0
31,56,0,17,0
32,25,0,18,0
30,52,0,21,0
34,56,0,15,0
12,71,0,26,0
32,44,0,23,0
14,74,0,17,0
16,73,0,17,0
31,56,0,17,0
35,72,0,17,0
13,71,0,26,0
21,71,0,19,0
35,72,0,25,0
20,70,0,27,0
31,32,0,28,0
42,73,0,26,0
31,29,0,21,0
32,45,0,23,0
32,41,0,19,0
32,45,0,22,0
31,34,0,21,0
30,42,0,28,0
31,74,0,17,0
43,72,0,18,0
18,71,0,26,0
14,70,0,16,0
31,22,0,25,0
31,57,0,18,0
31,25,0,21,0
11,73,0,16,0
18,72,0,28,0
37,71,0,26,0
40,71,0,23,0
32,77,0,19,0
34,58,0,23,0
32,72,0,24,0
24,73,0,19,0
46,73,0,29,0
30,78,0,29,0
11,73,0,21,0
31,76,0,17,0
24,73,0,27,0
45,71,0,20,0
34,22,0,22,0
30,23,0,17,0
48,74,0,22,0
35,73,0,20,0
18,71,0,20,0
23,73,0,21,0
25,71,0,24,0
31,35,0,19,0
34,22,1,29,0
13,71,0,22,0
30,78,0,29,0
31,56,0,19,0
33,55,0,16,0
34,35,0,29,0
32,55,0,21,0
40,70,0,20,0
42,71,0,29,0
15,71,0,22,0
33,36,0,27,0
36,73,0,26,0
36,73,0,16,0
17,75,0,28,0
49,70,0,25,0
33,42,0,15,0
31,71,0,18,0
31,76,0,17,0
34,26,0,28,0
36,72,0,28,0
33,84,0,29,0
31,44,0,23,0
33,25,0,17,0
20,70,0,27,0
32,25,0,20,0
44,74,0,27,0
21,74,0,25,0
32,78,0,15,0
32,49,0,26,0
35,58,0,16,0
33,41,0,24,0
31,84,0,28,0
30,35,0,16,0
12,75,0,21,0
33,39,0,26,0
33,33,0,21,0
38,74,0,23,0
30,22,0,26,0
31,77,0,24,0
34,43,0,19,0
34,23,0,17,0
33,73,0,17,0
30,41,0,19,0
33,54,0,21,0
33,76,0,28,0
32,46,0,26,0
21,74,0,25,0
31,36,0,24,0
30,80,0,24,0
31,78,0,20,0
30,44,0,26,0
32,48,0,21,0
33,48,0,18,0
44,70,0,23,0
45,74,0,15,0
15,71,0,22,0
32,79,0,27,0
31,52,0,16,0
34,75,0,17,0
13,70,0,19,0
31,28,0,19,0
25,72,0,21,0
31,48,0,26,0
34,75,0,26,0
33,39,0,26,0
30,49,0,15,0
32,58,0,18,0
30,28,0,20,0
32,24,0,16,0
37,71,0,26,0
30,77,0,17,0
34,70,0,27,0
11,70,0,27,0
33,24,0,27,0
31,35,0,19,0
33,53,0,22,0
33,72,0,18,0
30,37,0,24,0
30,80,0,24,0
15,70,0,28,0
36,74,0,26,0
43,73,0,16,0
33,31,0,20,0
42,71,0,21,0
37,73,0,19,0
32,48,0,25,0
24,73,0,20,0
34,75,0,26,0
10,71,0,19,0
30,79,0,20,0
32,77,0,23,0
31,24,0,18,0
15,74,0,18,0
32,78,0,15,0
31,75,0,24,0
33,39,0,26,0
31,28,0,29,0
33,31,0,25,0
33,39,0,16,0
32,70,0,15,0
30,49,0,27,0
30,33,0,23,0
18,71,0,22,0
30,84,0,26,0
39,73,0,15,0
15,70,0,24,0
32,32,0,23,0
24,71,0,21,0
33,58,0,19,0
33,83,0,20,0
32,48,0,21,0
32,49,0,26,0
34,58,0,23,0
18,71,0,20,0
19,71,0,25,0
32,36,0,23,0
30,27,0,29,0
31,35,0,23,0
12,75,0,21,0
32,73,0,25,0
31,84,0,24,0
17,70,0,24,0
30,21,0,23,0
23,74,0,29,0
30,49,0,23,0
32,45,0,27,0
32,37,0,16,0
16,71,0,22,0
10,70,0,17,0
32,52,0,19,0
20,73,0,19,0
15,71,0,16,0
44,71,0,22,0
10,70,0,17,0
33,45,0,23,0
32,76,0,24,0
34,49,0,16,0
46,71,0,29,0
33,29,0,28,0
30,70,0,24,0
30,33,0,26,0
14,74,0,17,0
48,74,0,24,0
31,53,0,19,0
20,71,0,23,0
31,83,0,29,0
30,45,0,20,0
46,73,0,19,0
32,83,0,28,0
30,28,0,15,0
30,41,0,23,0
34,34,0,21,0
32,47,0,19,0
34,29,0,15,0
33,21,0,26,0
33,59,0,22,0
32,23,0,29,0
34,71,0,20,0
30,44,0,19,0
30,47,0,24,0
34,52,0,17,0
30,73,0,15,0
20,73,0,28,0
16,71,0,15,0
33,50,0,28,0
34,28,0,24,0
34,33,0,22,0
34,47,0,20,0
15,72,0,17,0
32,44,0,26,0
31,76,0,24,0
46,71,0,29,0
39,70,0,20,0
33,44,0,27,0
32,26,0,29,0
14,72,0,17,0
20,71,0,28,0
34,56,0,18,0
44,71,0,22,0
13,73,0,26,0
18,74,0,16,0
36,74,0,21,0
33,37,0,17,0
32,36,0,17,0
30,24,0,20,0
31,47,0,19,0
45,70,0,23,0
31,84,0,24,0
33,76,0,27,0
31,74,0,17,0
31,44,0,23,0
31,49,0,23,0
33,37,0,24,0
31,39,0,18,0
33,73,0,17,0
32,20,0,26,0
22,73,0,16,0
32,50,0,19,0
32,72,0,24,0
37,71,0,16,0
37,70,0,21,0
33,58,0,27,0
32,39,0,25,0
33,73,0,23,0
42,73,0,15,0
33,47,0,24,0
30,83,0,27,0
33,39,0,23,0
33,59,0,23,0
34,20,0,20,0
14,74,0,27,0
23,73,0,27,0
33,23,0,29,0
13,71,0,22,0
33,53,0,17,0
33,28,0,24,0
32,52,0,16,0
13,73,0,27,0
10,74,0,23,0
20,71,0,23,0
31,82,0,18,0
33,23,0,29,0
34,80,0,25,0
31,78,0,29,0
30,77,0,18,0
30,27,0,17,0
16,74,0,27,0
47,71,0,26,0
32,33,0,16,0
31,30,0,23,0
32,25,0,20,0
18,70,0,21,0
31,70,0,28,0
34,75,0,25,0
32,75,0,18,0
34,28,0,17,0
48,73,0,21,0
33,77,0,26,0
14,70,0,16,0
33,33,0,28,0
33,23,0,25,0
34,24,0,28,0
18,71,0,15,0
34,73,0,21,0
32,38,0,17,0
15,74,0,18,0
39,73,0,15,0
47,73,0,29,0
13,70,0,24,0
31,31,0,17,0
34,38,0,20,0
30,24,0,26,0
32,51,0,26,0
32,78,0,15,0
31,51,0,18,0
30,42,0,23,0
30,80,0,28,0
20,70,0,23,0
24,72,0,17,0
30,49,0,26,0
42,71,0,29,0
33,82,0,21,0
34,40,0,18,0
31,49,0,20,0
33,77,0,16,0
23,74,0,25,0
32,48,0,20,0
30,77,0,18,0
34,74,0,19,0
34,48,0,25,0
34,79,0,26,0
30,52,0,21,0
22,72,0,23,0
32,40,0,15,0
33,34,0,17,0
31,72,0,24,0
30,56,0,24,0
32,21,0,29,0
30,73,0,19,0
20,70,0,28,0
19,71,0,25,0
33,55,0,20,0
33,72,0,22,0
16,74,0,27,0
43,74,0,27,0
44,73,0,20,0
30,26,0,20,0
23,72,0,20,0
34,75,0,17,0
31,59,0,16,0
34,40,0,29,0
12,71,0,26,0
31,74,0,16,0
46,71,0,16,0
33,25,0,17,0
35,45,0,21,0
33,81,0,20,0
38,74,0,17,0
21,73,0,18,0
21,73,0,25,0
34,57,0,26,0
21,70,0,17,0
41,72,0,29,0
32,48,0,19,0
20,72,0,15,0
31,76,0,24,0
32,45,0,16,0
31,78,0,29,0
42,71,0,21,0
33,77,0,25,0
14,70,0,19,0
34,43,0,21,0
46,73,0,19,0
32,24,0,15,0
16,73,0,15,0
33,73,0,17,0
34,81,0,22,0
34,44,0,20,0
30,51,0,15,0
31,52,0,16,0
33,80,0,15,0
49,70,0,24,0
33,54,0,21,0
30,59,0,18,0
34,75,0,26,0
48,71,0,16,0
30,41,0,22,0
31,33,0,15,0
33,59,0,26,0
31,81,0,24,0
32,28,0,16,0
19,74,0,23,0
34,50,0,26,0
12,75,0,21,0
17,70,0,20,0
49,73,0,25,0
31,31,0,17,0
34,23,0,22,0
46,72,0,19,0
32,26,0,29,0
34,35,0,28,0
32,43,0,21,0
22,70,0,15,0
34,31,0,23,0
11,72,0,20,0
33,58,0,27,0
23,73,0,19,0
34,21,0,22,0
36,73,0,17,0
21,74,0,24,0
30,59,0,18,0
13,73,0,26,0
21,73,0,18,0
21,71,0,19,0
31,70,0,24,0
30,31,0,16,0
34,24,0,27,0
20,71,0,18,0
30,35,0,16,0
34,41,0,15,0
16,73,0,28,0
31,41,0,25,0
33,79,0,24,0
21,73,0,17,0
31,25,0,29,0
32,30,0,17,0
32,39,0,16,0
33,59,0,22,0
11,72,0,28,0
31,76,0,17,0
42,74,0,19,0
47,73,0,29,0
12,75,0,21,0
34,24,0,27,0
45,75,0,28,0
32,48,0,16,0
30,35,0,19,0
33,75,0,19,0
14,71,0,15,0
30,20,0,16,0
33,73,0,26,0
32,24,0,24,0
34,53,0,24,0
46,73,0,19,0
46,73,0,23,0
32,80,0,28,0
17,72,0,20,0
34,31,0,24,0
31,48,0,26,0
34,48,0,25,0
34,80,0,25,0
32,70,0,15,0
31,52,0,16,0
33,28,0,18,0
15,73,0,25,0
34,28,0,22,0
34,84,0,18,0
47,70,0,23,0
34,39,0,26,0
34,33,0,17,0
32,24,0,22,0
44,71,0,24,0
34,20,0,18,0
34,40,0,21,0
21,70,0,17,0
38,73,0,18,0
15,74,0,19,0
13,72,0,21,0
33,25,0,17,0
34,82,0,26,0
20,71,0,23,0
34,23,0,25,0
30,54,0,18,0
34,80,0,25,0
34,52,0,25,0
32,52,0,26,0
24,73,0,20,0
30,46,0,18,0
33,76,0,28,0
11,73,0,21,0
34,51,0,16,0
43,73,0,16,0
13,73,0,26,0
10,72,0,16,0
32,34,0,25,0
30,30,0,16,0
11,72,0,20,0
44,74,0,23,0
34,39,0,28,0
31,25,0,24,0
17,71,0,19,0
49,70,0,25,0
20,71,0,18,0
30,74,0,19,0
30,30,0,23,0
34,83,0,21,0
30,73,0,20,0
32,45,0,25,0
44,73,0,22,0
31,44,0,18,0
33,20,0,15,0
31,71,0,21,0
30,35,0,25,0
35,49,0,19,0
32,48,0,19,0
39,73,0,15,0
33,23,0,29,0
34,52,0,17,0
39,71,0,15,0
32,37,0,17,0
31,41,0,22,0
46,71,0,18,0
31,27,0,22,0
42,73,0,17,0
32,84,0,29,0
30,74,0,27,0
49,74,0,15,0
30,50,0,16,0
14,71,0,27,0
32,43,0,21,0
14,71,0,20,0
32,70,0,21,0
40,70,0,20,0
22,73,0,27,0
18,73,0,29,0
33,44,0,15,0
30,30,0,16,0
33,81,0,20,0
30,44,0,19,0
36,71,0,27,0
30,35,0,25,0
40,70,0,25,0
34,72,0,15,0
34,74,0,18,0
30,71,0,20,0
33,35,0,18,0
31,25,0,21,0
25,71,0,24,0
34,25,0,20,0
31,36,0,24,0
32,20,0,26,0
42,74,0,29,0
32,80,0,23,0
37,70,0,21,0
30,35,0,16,0
21,72,0,15,0
33,78,0,23,0
34,33,0,22,0
49,70,0,25,0
35,71,0,29,0
33,58,0,19,0
31,29,0,21,0
34,39,0,23,0
42,73,0,15,0
34,28,0,24,0
31,42,0,27,0
33,40,0,19,0
36,70,0,20,0
33,43,0,19,0
30,21,0,24,0
20,72,0,16,0
33,41,0,18,0
33,50,0,28,0
32,32,0,15,0
18,73,0,19,0
31,80,0,24,0
33,46,0,15,0
33,22,0,27,0
39,73,0,19,0
31,33,0,15,0
31,78,0,29,0
11,72,0,18,0
34,32,0,28,0
30,75,0,18,0
30,75,0,16,0
31,28,0,23,0
16,71,0,23,0
32,74,0,15,0
18,73,0,17,0
31,43,0,16,0
34,20,0,25,0
16,71,0,23,0
45,71,0,20,0
40,70,0,20,0
34,76,0,27,0
31,28,0,23,0
11,73,0,21,0
34,84,0,27,0
15,72,0,18,0
43,71,0,19,0
30,44,0,22,0
21,70,0,17,0
45,71,0,23,0
34,33,0,22,0
30,40,0,19,0
48,73,0,24,0
36,72,0,23,0
32,39,0,27,0
32,70,0,21,0
10,71,0,19,0
21,75,0,20,0
30,83,0,15,0
22,73,0,16,0
41,74,0,23,0
23,72,0,21,0
32,40,0,15,0
30,50,0,29,0
33,73,0,24,0
30,30,0,18,0
17,71,0,23,0
34,78,0,28,0
30,31,0,16,0
30,84,0,20,0
43,74,0,29,0
33,83,0,29,0
49,73,0,18,0
41,72,0,20,0
30,54,0,18,0
32,53,0,17,0
30,74,0,17,0
34,25,0,29,0
12,75,0,21,0
32,34,0,25,0
32,45,0,22,0
33,54,0,15,0
32,39,0,25,0
33,83,0,20,0
34,52,0,17,0
48,73,0,24,0
31,24,0,20,0
46,73,0,24,0
33,58,0,22,0
18,71,0,15,0
30,20,0,16,0
33,75,0,26,0
32,45,0,25,0
30,43,0,25,0
46,71,0,16,0
16,71,0,23,0
34,43,0,19,0
34,32,0,24,0
31,81,0,24,0
33,82,0,15,0
39,70,0,20,0
30,44,0,19,0
33,25,0,29,0
40,71,0,22,0
11,70,0,28,0
33,25,0,17,0
32,33,0,16,0
34,73,0,27,0
39,73,0,19,0
48,72,0,24,0
31,35,0,16,0
33,77,0,17,0
33,23,0,25,0
19,72,0,24,0
46,70,0,25,0
42,71,0,21,0
30,51,0,26,0
31,24,0,20,0
44,73,0,18,0
35,70,0,19,0
32,36,0,17,0
36,73,0,20,0
30,43,0,27,0
35,77,0,22,0
48,73,0,28,0
37,71,0,26,0
36,72,0,28,0
40,71,0,23,0
34,26,0,24,0
32,25,0,25,0
33,59,0,23,0
34,25,0,20,0
30,84,0,20,0
31,84,0,22,0
33,51,0,23,0
33,52,0,16,0
37,72,0,21,0
33,76,0,28,0
25,71,0,24,0
31,41,0,17,0
20,73,0,20,0
44,73,0,18,0
19,73,0,17,0
10,71,0,19,0
34,28,0,28,0
32,75,0,29,0
33,52,0,16,0
34,46,0,23,0
30,53,0,26,0
34,84,0,17,0
48,74,0,19,0
15,74,0,18,0
34,81,0,21,0
34,28,0,28,0
31,75,0,24,0
30,57,0,29,0
30,28,0,15,0
33,59,0,23,0
30,36,0,24,0
46,70,0,17,0
30,23,0,20,0
33,35,0,22,0
10,70,0,22,0
34,49,0,16,0
24,73,0,20,0
34,47,0,18,0
36,70,0,20,0
48,74,0,24,0
14,71,0,27,0
34,81,0,21,0
34,33,0,15,0
34,76,1,29,0
32,49,0,19,0
30,39,0,22,0
33,38,0,17,0
17,73,0,19,0
32,32,0,21,0
33,78,0,19,0
30,41,0,22,0
22,71,1,29,0
24,72,0,27,0
48,72,0,24,0
17,70,0,17,0
22,73,0,25,0
10,70,0,22,0
17,71,0,22,0
10,70,0,22,0
34,49,0,21,0
32,24,0,16,0
32,24,0,16,0
32,59,0,27,0
13,71,0,24,0
36,71,0,27,0
38,71,0,21,0
34,80,0,25,0
33,28,0,19,0
31,34,0,21,0
41,74,0,23,0
30,77,0,24,0
33,70,0,18,0
36,74,0,21,0
49,75,0,27,0
32,42,0,16,0
33,37,0,17,0
35,71,0,29,0
35,71,0,20,0
33,36,0,17,0
34,72,0,20,0
34,26,0,28,0
24,71,0,21,0
34,76,1,29,0
34,32,0,24,0
30,78,0,20,0
34,42,0,22,0
34,84,0,17,0
37,70,0,21,0
35,45,0,16,0
10,70,0,20,0
45,71,0,17,0
47,73,0,25,0
31,42,0,26,0
31,34,0,20,0
23,73,0,27,0
32,53,0,21,0
32,39,0,22,0
34,20,0,26,0
30,47,0,20,0
36,71,0,21,0
16,70,0,23,0
11,74,0,27,0
34,74,0,21,0
21,70,0,17,0
32,30,0,21,0
33,31,0,16,0
32,29,0,24,0
30,51,0,16,0
32,57,0,27,0
20,70,0,20,0
20,70,0,23,0
31,53,0,21,0
14,74,0,23,0
31,50,0,25,0
14,74,0,17,0
18,72,0,18,0
49,70,0,28,0
20,70,0,20,0
21,71,0,19,0
30,26,0,29,0
34,33,0,22,0
10,71,0,25,0
30,29,0,23,0
32,25,0,25,0
30,80,0,24,0
35,72,0,18,0
14,71,0,27,0
43,74,0,23,0
33,59,0,22,0
20,73,0,20,0
34,50,0,26,0
31,26,0,27,0
32,70,0,15,0
33,35,0,20,0
31,53,0,21,0
32,45,0,25,0
46,73,0,19,0
34,21,0,22,0
44,73,0,22,0
31,52,0,26,0
33,28,0,24,0
17,73,0,19,0
40,71,0,29,0
31,54,0,20,0
40,71,0,16,0
22,70,0,15,0
32,41,0,29,0
32,27,0,15,0
31,28,0,19,0
33,59,0,26,0
31,20,0,26,0
33,36,0,17,0
46,73,0,23,0
41,70,0,23,0
33,78,0,19,0
33,73,0,18,0
33,78,0,19,0
32,30,0,22,0
34,73,0,27,0
31,29,0,16,0
32,43,0,21,0
24,73,0,25,0
33,49,0,28,0
23,70,0,29,0
31,42,0,22,0
45,70,0,23,0
10,72,0,15,0
31,50,0,29,0
43,74,0,29,0
44,73,0,22,0
40,70,0,24,0
32,60,0,18,0
22,73,0,16,0
34,80,0,26,0
33,82,0,21,0
46,73,0,24,0
41,72,0,28,0
33,78,0,16,0
10,74,0,20,0
31,22,0,24,0
36,72,0,28,0
31,72,0,24,0
37,71,0,16,0
35,53,0,28,0
40,71,0,22,0
31,42,0,26,0
32,39,0,25,0
30,24,0,21,0
30,28,0,15,0
33,22,0,16,0
33,24,0,17,0
31,50,0,27,0
30,46,0,28,0
23,70,0,21,0
31,82,0,19,0
32,28,0,16,0
34,48,0,25,0
22,73,0,20,0
37,72,0,27,0
46,72,0,24,0
33,51,0,23,0
37,70,0,17,0
23,74,0,23,0
30,51,0,26,0
33,25,0,17,0
47,70,0,21,0
40,74,0,20,0
33,21,0,26,0
42,74,0,29,0
43,72,0,29,0
30,55,0,17,0
33,26,0,27,0
32,58,0,18,0
30,47,0,20,0
34,24,0,28,0
30,35,0,25,0
33,22,0,27,0
33,78,0,17,0
33,26,0,21,0
16,74,0,27,0
31,22,0,25,0
34,74,0,21,0
11,70,0,26,0
33,49,0,18,0
35,72,0,25,0
16,74,0,21,0
32,59,0,16,0
33,82,0,15,0
31,78,0,29,0
16,71,0,15,0
30,56,0,24,0
37,72,0,21,0
32,30,0,26,0
30,78,0,29,0
22,74,1,29,0
45,74,0,15,0
43,74,0,20,0
44,73,0,20,0
32,39,0,27,0
22,71,0,29,0
44,70,0,25,0
32,59,0,27,0
15,74,0,19,0
33,25,0,17,0
34,52,0,17,0
30,32,0,28,0
17,73,0,26,0
48,74,0,24,0
34,40,0,16,0
22,74,0,26,0
37,72,0,21,0
34,73,0,17,0
22,74,0,15,0
31,76,0,20,0
31,27,0,19,0
36,73,0,20,0
45,71,0,18,0
34,47,0,27,0
31,59,0,23,0
30,24,0,21,0
34,39,0,26,0
30,44,0,22,0
31,78,0,29,0
33,38,0,16,0
44,73,0,22,0
36,71,0,24,0
31,44,0,23,0
18,71,0,20,0
23,73,0,19,0
34,25,0,20,0
12,73,0,21,0
10,71,0,19,0
33,31,0,16,0
34,53,0,29,0
30,46,0,18,0
33,37,0,24,0
32,39,0,16,0
31,78,0,24,0
14,74,0,23,0
33,26,0,21,0
33,21,0,26,0
35,72,0,16,0
30,58,0,25,0
32,80,0,28,0
45,73,0,20,0
31,46,0,29,0
32,23,0,29,0
31,84,0,21,0
34,78,0,27,0
33,78,0,23,0
17,74,0,23,0
34,74,0,25,0
33,58,0,22,0
33,44,0,27,0
15,71,0,20,0
31,84,0,24,0
31,23,0,27,0
40,71,0,16,0
32,41,0,19,0
43,72,0,22,0
31,71,0,15,0
31,49,0,23,0
32,46,0,26,0
46,73,0,19,0
24,73,0,19,0
35,54,0,24,0
31,36,0,18,0
34,33,0,26,0
33,49,0,17,0
30,52,0,24,0
30,22,0,21,0
31,26,0,27,0
33,82,0,21,0
49,71,0,21,0
44,73,0,22,0
13,73,0,21,0
24,73,0,20,0
49,72,0,19,0
33,54,0,15,0
42,74,0,29,0
16,70,0,23,0
48,71,0,16,0
18,71,0,15,0
11,71,0,22,0
13,73,0,17,0
32,20,0,26,0
34,40,0,18,0
30,50,0,26,0
33,77,0,22,0
30,74,0,18,0
30,55,0,15,0
32,49,0,24,0
16,74,0,27,0
20,73,0,20,0
32,74,0,23,0
40,70,0,25,0
33,73,0,18,0
32,45,0,24,0
32,48,0,16,0
34,27,0,26,0
15,72,0,22,0
31,45,0,22,0
15,72,0,22,0
37,70,0,21,0
30,21,0,18,0
11,72,1,29,0
31,33,0,29,0
11,71,0,22,0
48,72,0,24,0
11,71,0,23,0
32,82,0,19,0
30,28,0,18,0
34,42,0,22,0
37,73,0,19,0
34,33,0,15,0
34,20,0,19,0
34,40,0,18,0
33,36,0,27,0
33,54,0,15,0
19,72,0,21,0
37,73,0,19,0
33,77,0,16,0
40,70,0,25,0
34,26,0,28,0
32,36,0,23,0
35,72,0,18,0
34,24,0,27,0
30,80,0,28,0
33,76,0,15,0
30,24,0,26,0
36,73,0,23,0
39,75,0,20,0
31,84,0,24,0
33,21,0,26,0
30,34,0,29,0
34,71,0,29,0
31,49,0,23,0
33,27,0,20,0
32,29,0,27,0
17,74,0,22,0
32,70,0,15,0
11,74,0,15,0
32,29,0,17,0
33,59,0,23,0
31,31,0,17,0
33,70,0,18,0
47,72,0,24,0
47,71,0,28,0
39,70,0,20,0
38,72,0,20,0
34,54,0,22,0
33,38,0,16,0
20,74,0,21,0
40,70,0,21,0
32,55,0,17,0
12,74,0,24,0
32,42,0,16,0
13,71,0,22,0
24,73,0,20,0
30,30,0,23,0
32,77,0,15,0
13,73,0,23,0
31,27,0,22,0
19,70,0,18,0
34,47,0,17,0
33,73,0,23,0
38,73,0,18,0
30,79,0,21,0
30,79,0,27,0
31,31,0,16,0
30,24,0,21,0
33,27,0,21,0
30,39,0,26,0
32,44,0,26,0
32,52,0,16,0
34,74,0,24,0
33,44,0,27,0
47,72,0,21,0
31,54,0,20,0
33,51,0,23,0
36,73,0,27,0
36,73,0,23,0
32,73,0,16,0
46,73,0,19,0
32,72,0,19,0
33,33,0,21,0
30,77,0,17,0
15,71,0,19,0
31,35,0,19,0
30,74,0,19,0
48,73,0,28,0
34,33,0,26,0
30,30,0,23,0
43,75,0,19,0
32,27,0,15,0
34,74,0,19,0
30,76,0,22,0
34,44,0,20,0
32,37,0,16,0
30,31,0,16,0
38,74,0,17,0
33,83,0,29,0
30,24,0,20,0
41,72,0,28,0
49,70,0,28,0
12,72,0,28,0
33,75,0,19,0
30,49,0,27,0
32,42,0,15,0
32,45,0,16,0
31,44,0,21,0
46,71,0,18,0
32,53,0,17,0
33,49,0,18,0
39,70,0,15,0
34,52,0,17,0
20,72,0,16,0
30,41,0,20,0
30,79,0,29,0
31,51,0,18,0
30,55,0,26,0
35,77,0,22,0
10,71,1,29,0
33,52,0,16,0
35,72,0,17,0
30,29,0,15,0
31,40,0,15,0
39,75,0,20,0
32,23,0,26,0
38,74,0,17,0
21,72,0,15,0
34,37,0,24,0
32,83,0,28,0
32,21,0,26,0
32,24,0,24,0
34,71,0,24,0
31,70,0,24,0
20,73,0,19,0
22,72,0,23,0
13,72,0,21,0
33,27,0,24,0
15,71,0,25,0
32,57,0,16,0
43,72,0,29,0
31,43,0,16,0
38,74,0,15,0
31,56,0,17,0
31,48,0,19,0
30,43,0,28,0
40,74,0,20,0
23,73,0,27,0
34,73,0,15,0
34,84,0,27,0
31,31,0,24,0
17,74,0,23,0
32,50,0,16,0
30,43,0,25,0
30,48,0,21,0
17,74,0,25,0
44,72,0,23,0
31,31,0,24,0
13,71,0,24,0
30,75,0,18,0
31,54,0,24,0
18,71,0,20,0
33,46,0,15,0
32,26,0,22,0
32,44,0,26,0
30,28,0,15,0
34,42,0,19,0
32,33,0,19,0
32,36,0,17,0
30,41,0,22,0
34,78,0,28,0
34,25,0,20,0
35,54,0,24,0
33,28,0,19,0
43,72,0,22,0
34,73,0,15,0
34,48,0,21,0
34,23,0,22,0
33,47,0,26,0
34,32,0,24,0
34,49,0,16,0
34,23,0,17,0
12,74,0,24,0
12,73,0,26,0
33,58,0,25,0
30,22,0,21,0
48,72,0,23,0
40,72,0,25,0
34,80,0,17,0
16,73,0,24,0
21,73,0,17,0
32,39,0,25,0
33,33,0,26,0
33,83,0,16,0
30,36,0,18,0
31,77,0,15,0
17,75,0,28,0
34,43,0,19,0
31,56,0,19,0
33,46,0,22,0
36,73,0,28,0
17,70,0,20,0
15,74,0,18,0
32,73,0,25,0
32,35,0,21,0
32,52,0,16,0
40,70,0,25,0
48,73,0,24,0
47,71,0,17,0
13,73,0,23,0
32,41,0,28,0
14,74,0,17,0
17,74,0,24,0
34,28,0,24,0
23,72,0,21,0
34,24,0,27,0
32,20,0,26,0
22,71,0,29,0
32,30,0,18,0
22,73,0,27,0
16,71,0,22,0
33,48,0,26,0
44,71,0,25,0
31,74,0,17,0
33,48,0,28,0
30,22,0,21,0
33,59,0,22,0
46,71,0,29,0
31,76,0,29,0
33,71,0,19,0
10,71,0,25,0
32,45,0,25,0
33,28,0,21,0
35,70,0,29,0
33,24,0,21,0
32,52,0,19,0
33,43,0,19,0
31,41,0,25,0
49,73,0,23,0
30,49,0,20,0
20,70,0,20,0
31,57,0,20,0
34,71,0,28,0
15,74,0,21,0
33,22,0,28,0
45,71,0,28,0
45,71,0,20,0
31,31,0,25,0
33,75,0,15,0
31,55,0,21,0
37,70,0,17,0
49,70,0,28,0
30,52,0,21,0
24,73,0,20,0
30,41,0,26,0
19,73,0,18,0
32,30,0,18,0
33,51,0,23,0
33,37,0,17,0
41,70,0,23,0
32,52,0,19,0
13,70,0,18,0
33,41,0,23,0
32,74,0,15,0
22,73,0,27,0
34,73,0,27,0
30,57,0,29,0
21,73,0,28,0
16,72,0,17,0
47,72,0,24,0
34,39,0,26,0
39,70,0,15,0
32,48,0,25,0
34,36,0,27,0
23,74,0,23,0
33,52,0,28,0
30,35,0,22,0
19,73,0,18,0
35,70,0,19,0
31,49,0,23,0
31,41,0,25,0
31,56,0,28,0
34,47,0,18,0
33,74,0,15,0
30,49,0,23,0
13,71,0,24,0
31,46,0,15,0
34,80,0,25,0
43,71,0,19,0
34,51,0,25,0
31,33,0,29,0
31,75,0,24,0
33,58,0,20,0
31,78,0,17,0
34,83,0,23,0
30,28,0,18,0
33,27,0,24,0
34,42,0,22,0
24,73,0,20,0
33,27,0,21,0
33,38,0,16,0
34,20,0,19,0
30,33,0,23,0
31,33,0,15,0
31,56,0,17,0
30,23,0,17,0
34,22,0,27,0
34,75,0,24,0
31,36,0,24,0
34,59,0,17,0
19,73,0,17,0
31,31,0,24,0
31,29,0,16,0
43,75,0,19,0
34,43,0,17,0
33,52,0,29,0
34,33,0,15,0
30,26,0,29,0
33,82,0,21,0
17,70,0,20,0
47,70,0,23,0
33,55,0,16,0
33,56,0,25,0
48,74,0,17,0
46,74,0,27,0
30,24,0,26,0
30,37,0,24,0
18,72,0,18,0
30,82,0,17,0
11,71,0,28,0
33,23,0,25,0
30,39,0,22,0
34,44,0,20,0
30,20,0,28,0
24,70,0,19,0
32,23,0,29,0
30,57,0,29,0
49,73,0,18,0
38,71,0,21,0
15,71,0,19,0
13,70,0,18,0
32,27,0,15,0
46,73,0,19,0
32,70,0,20,0
34,37,0,22,0
34,25,0,20,0
20,74,0,23,0
44,70,0,25,0
34,24,0,28,0
23,72,0,15,0
22,72,0,21,0
14,73,0,21,0
34,72,0,20,0
34,47,0,18,0
49,74,0,16,0
16,74,0,25,0
34,75,0,17,0
30,57,0,29,0
30,36,0,18,0
17,70,0,23,0
32,25,0,18,0
21,73,0,25,0
31,40,0,15,0
32,45,0,24,0
11,73,0,21,0
38,73,0,18,0
13,71,0,26,0
33,84,0,21,0
30,50,0,29,0
46,73,0,29,0
30,76,0,22,0
32,83,0,22,0
47,74,0,28,0
32,43,0,21,0
15,72,0,26,0
12,71,0,26,0
34,46,0,17,0
32,55,0,21,0
12,73,0,22,0
37,70,0,21,0
34,49,0,16,0
32,50,0,16,0
30,56,0,24,0
31,82,0,25,0
37,71,0,26,0
30,49,0,23,0
34,73,0,21,0
19,72,0,24,0
31,36,0,18,0
10,74,0,21,0
22,72,0,20,0
15,74,0,19,0
31,73,0,19,0
34,33,0,22,0
11,70,0,27,0
34,37,0,22,0
41,72,0,20,0
31,76,0,24,0
32,83,0,28,0
31,84,0,20,0
34,48,0,25,0
35,77,0,22,0
24,70,0,15,0
34,31,0,24,0
33,73,0,22,0
31,46,0,29,0
40,70,0,24,0
33,53,0,18,0
31,39,0,17,0
34,21,0,22,0
33,78,0,23,0
32,74,0,23,0
17,72,0,26,0
33,73,0,22,0
32,83,0,28,0
37,71,0,24,0
32,50,0,26,0
32,70,0,20,0
32,30,0,18,0
33,55,0,17,0
33,73,0,23,0
31,24,0,18,0
31,24,0,20,0
32,77,0,15,0
31,23,0,26,0
31,44,0,18,0
20,71,0,19,0
19,71,0,25,0
33,31,0,25,0
18,71,0,20,0
46,73,0,29,0
34,34,0,21,0
31,84,0,28,0
31,26,0,15,0
32,37,0,16,0
18,70,0,29,0
43,71,0,23,0
31,52,0,21,0
43,72,0,15,0
32,80,0,20,0
30,39,0,22,0
13,71,0,15,0
34,50,0,26,0
23,71,0,15,0
34,76,1,29,0
35,80,0,24,0
42,72,0,21,0
30,28,0,15,0
30,55,0,26,0
43,74,0,23,0
18,71,0,26,0
46,73,0,19,0
12,74,0,24,0
24,73,0,20,0
30,24,0,26,0
32,32,0,23,0
31,27,0,19,0
34,22,1,29,0
24,73,0,25,0
32,38,0,17,0
30,55,0,20,0
33,52,0,15,0
34,78,0,28,0
34,36,0,23,0
32,72,0,25,0
30,80,0,26,0
34,34,0,21,0
45,71,0,28,0
33,46,0,26,0
30,43,0,27,0
30,28,0,26,0
48,72,0,20,0
40,74,0,23,0
34,33,0,26,0
34,47,0,27,0
30,21,0,18,0
30,30,0,18,0
20,72,0,21,0
24,72,0,17,0
34,36,0,21,0
32,42,0,23,0
31,23,0,25,0
33,47,0,15,0
16,74,0,25,0
49,71,0,20,0
22,72,0,24,0
32,22,0,15,0
30,23,0,17,0
38,71,0,21,0
15,71,0,19,0
17,74,0,25,0
30,76,0,22,0
34,22,0,27,0
33,52,0,15,0
30,32,0,28,0
34,57,0,26,0
49,71,0,20,0
34,20,0,19,0
37,73,0,29,0
24,73,0,20,0
21,73,0,28,0
34,56,0,15,0
46,70,0,27,0
34,46,0,17,0
33,39,0,23,0
32,21,0,26,0
34,59,0,17,0
42,74,0,19,0
34,50,0,16,0
30,51,0,15,0
30,31,0,29,0
36,70,0,20,0
34,51,0,23,0
24,73,0,20,0
13,73,0,23,0
30,80,0,28,0
34,74,0,24,0
14,74,0,17,0
31,41,0,19,0
45,74,0,15,0
32,52,0,26,0
34,43,0,19,0
13,70,0,24,0
31,76,0,24,0
32,53,0,17,0
19,73,0,29,0
12,75,0,21,0
46,71,0,19,0
32,39,0,22,0
33,53,0,18,0
34,79,0,18,0
44,73,0,20,0
41,73,0,19,0
36,73,0,17,0
16,71,0,23,0
32,45,0,24,0
48,72,0,20,0
33,72,0,22,0
31,43,0,15,0
34,23,0,17,0
31,74,0,21,0
15,72,0,26,0
17,73,0,26,0
36,74,0,24,0
34,52,0,28,0
30,79,0,16,0
35,72,0,17,0
10,70,0,17,0
40,72,0,27,0
38,74,0,15,0
31,41,0,20,0
32,24,0,16,0
34,34,0,21,0
31,41,0,17,0
33,34,0,15,0
34,82,0,26,0
31,57,0,20,0
31,52,0,22,0
18,70,0,21,0
47,74,0,28,0
31,45,0,22,0
44,73,0,20,0
31,35,0,19,0
44,71,0,25,0
34,81,0,21,0
34,22,0,22,0
30,84,0,24,0
15,70,0,28,0
32,33,0,19,0
30,83,0,15,0
30,45,0,20,0
44,70,0,23,0
43,74,0,18,0
34,35,0,28,0
34,32,0,28,0
31,70,0,29,0
31,57,0,28,0
31,70,0,29,0
10,71,0,25,0
33,23,0,16,0
30,46,0,28,0
44,74,0,23,0
17,71,0,23,0
31,27,0,19,0
12,74,0,21,0
32,24,0,15,0
11,72,0,18,0
10,70,0,17,0
34,49,0,28,0
30,46,0,28,0
18,70,0,21,0
33,82,0,21,0
34,21,0,15,0
32,45,0,24,0
31,36,0,17,0
30,73,0,19,0
33,25,0,17,0
35,70,0,21,0
32,50,0,28,0
31,32,0,29,0
34,46,0,17,0
33,39,0,26,0
31,43,0,15,0
35,72,0,18,0
34,50,0,24,0
32,28,0,15,0
23,71,0,15,0
33,27,0,20,0
30,21,0,23,0
34,74,0,25,0
32,73,0,25,0
33,83,0,16,0
30,23,0,20,0
34,50,0,24,0
34,81,0,22,0
30,41,0,22,0
15,70,0,17,0
21,73,0,22,0
41,73,0,24,0
33,59,0,26,0
36,71,0,27,0
35,72,0,18,0
46,73,0,24,0
33,77,0,17,0
32,35,0,21,0
33,27,0,20,0
46,70,0,23,0
34,29,0,20,0
35,72,0,24,0
33,79,0,24,0
30,84,0,22,0
22,70,0,15,0
24,71,0,21,0
31,56,0,17,0
30,35,0,16,0
18,71,0,22,0
17,71,0,22,0
34,48,0,25,0
14,73,0,21,0
32,73,0,25,0
33,21,0,25,0
46,73,0,28,0
18,72,0,18,0
45,73,0,28,0
32,29,0,27,0
48,74,0,22,0
11,71,0,28,0
35,80,0,24,0
32,48,0,15,0
31,39,0,21,0
30,35,0,16,0
30,84,0,22,0
30,58,0,23,0
34,57,0,18,0
31,41,0,19,0
10,74,0,21,0
30,43,0,28,0
34,35,0,28,0
34,29,0,16,0
33,34,0,24,0
33,73,0,17,0
33,57,0,23,0
31,37,0,15,0
21,75,0,20,0
17,74,0,22,0
33,52,0,28,0
19,74,0,23,0
30,57,0,29,0
34,72,0,20,0
36,71,0,24,0
37,71,0,26,0
30,71,0,20,0
34,36,0,21,0
13,71,0,18,0
20,70,0,23,0
34,23,0,17,0
31,39,0,25,0
41,71,0,25,0
34,47,0,27,0
34,75,0,25,0
31,56,0,26,0
38,74,0,17,0
30,26,0,23,0
48,73,0,28,0
31,36,0,24,0
32,48,0,16,0
13,74,0,26,0
33,24,0,27,0
10,71,0,25,0
24,73,0,20,0
18,71,0,28,0
34,70,0,27,0
32,77,0,23,0
35,73,0,22,0
40,74,0,20,0
48,71,0,23,0
44,71,0,22,0
12,73,0,22,0
34,80,0,19,0
33,36,0,29,0
31,41,0,17,0
15,74,0,18,0
31,72,0,24,0
12,75,0,21,0
21,73,0,18,0
18,73,0,18,0
31,44,0,18,0
10,71,0,17,0
36,72,0,17,0
33,35,0,22,0
49,72,0,19,0
31,52,0,16,0
32,72,0,24,0
30,42,0,28,0
49,73,0,15,0
31,44,0,21,0
30,37,0,24,0
31,59,0,23,0
49,72,0,16,0
32,45,0,16,0
32,43,0,17,0
24,73,0,25,0
33,52,0,15,0
34,29,0,16,0
34,53,0,18,0
33,31,0,16,0
16,71,0,23,0
31,37,0,27,0
24,74,0,23,0
16,73,0,17,0
30,37,0,24,0
16,70,0,23,0
44,71,0,22,0
22,73,0,27,0
20,71,0,19,0
34,44,0,25,0
31,52,0,16,0
31,31,0,17,0
21,71,0,25,0
32,21,0,29,0
35,72,0,24,0
10,71,0,17,0
34,20,0,18,0
33,33,0,21,0
49,72,0,16,0
33,39,0,23,0
33,34,0,29,0
15,74,0,23,0
39,75,0,20,0
31,31,0,16,0
33,84,0,26,0
33,26,0,16,0
34,72,0,19,0
33,54,0,15,0
31,75,0,27,0
42,73,0,17,0
12,74,0,21,0
31,24,0,18,0
34,83,0,23,0
43,72,0,20,0
18,71,0,27,0
33,22,0,16,0
33,57,0,23,0
43,71,0,19,0
34,44,0,17,0
21,73,0,28,0
31,53,0,15,0
13,73,0,28,0
31,41,0,25,0
34,21,0,22,0
23,73,0,19,0
31,57,0,20,0
33,84,0,29,0
42,71,0,23,0
32,57,0,27,0
47,71,0,28,0
30,52,0,22,0
41,46,0,6,1
15,76,0,10,1
36,46,0,9,1
24,76,0,10,1
43,31,0,5,1
41,83,0,10,1
38,43,0,10,1
48,80,0,3,1
48,48,0,7,1
36,47,0,7,1
35,78,0,11,1
40,45,0,5,1
19,81,0,10,1
40,42,0,4,1
45,37,0,5,1
13,82,0,9,1
44,21,0,7,1
45,79,0,6,1
42,81,0,5,1
18,75,0,7,1
44,40,0,9,1
48,21,0,7,1
46,23,0,7,1
40,21,0,10,1
39,43,0,8,1
37,48,0,3,1
39,76,0,7,1
24,81,0,5,1
43,47,0,6,1
35,77,0,3,1
44,59,0,9,1
38,32,0,11,1
16,78,0,7,1
43,80,0,11,1
18,77,0,9,1
38,51,0,8,1
24,79,0,3,1
43,59,0,8,1
41,45,0,7,1
42,58,0,8,1
49,57,0,9,1
46,41,0,6,1
49,47,0,8,1
39,49,0,5,1
41,58,0,7,1
46,38,0,7,1
38,43,0,6,1
44,52,0,8,1
44,80,0,3,1
46,50,0,5,1
41,47,0,9,1
48,40,0,10,1
39,79,0,3,1
43,25,0,6,1
23,76,0,3,1
37,58,0,4,1
43,22,0,4,1
35,79,0,8,1
36,47,0,6,1
14,78,0,4,1
37,44,0,9,1
23,76,0,6,1
44,53,0,7,1
41,44,0,11,1
42,29,0,6,1
41,26,0,10,1
38,48,0,10,1
11,84,0,9,1
45,42,0,9,1
42,77,0,11,1
45,60,0,5,1
42,27,0,9,1
39,35,0,9,1
43,29,0,8,1
24,75,0,11,1
36,40,0,4,1
12,81,0,10,1
40,53,0,11,1
37,23,0,5,1
23,82,0,7,1
24,77,0,5,1
39,75,0,5,1
44,54,0,11,1
47,77,0,8,1
42,58,0,10,1
43,79,0,10,1
13,84,0,10,1
38,21,0,11,1
39,58,0,4,1
48,58,0,4,1
39,31,0,5,1
13,80,0,3,1
49,39,0,9,1
45,46,0,5,1
46,52,0,6,1
35,43,0,5,1
45,52,0,4,1
46,29,0,8,1
39,59,0,8,1
47,39,0,11,1
45,45,0,10,1
37,50,0,3,1
17,80,0,7,1
39,25,0,6,1
35,54,0,11,1
43,23,0,4,1
40,79,0,8,1
49,35,0,8,1
47,48,0,6,1
43,84,0,9,1
44,30,0,10,1
47,80,0,4,1
48,38,0,5,1
43,84,0,3,1
46,30,0,6,1
11,76,0,10,1
46,56,0,6,1
47,83,0,7,1
35,84,0,6,1
35,44,0,11,1
45,35,0,4,1
22,79,0,8,1
37,84,0,3,1
41,22,0,10,1
40,44,0,3,1
42,59,0,6,1
41,30,0,10,1
36,83,0,11,1
49,30,0,11,1
46,28,0,11,1
45,52,0,7,1
45,39,0,4,1
44,33,0,11,1
45,41,0,3,1
38,55,0,7,1
41,28,0,11,1
47,79,0,4,1
22,81,0,5,1
13,77,0,7,1
17,77,0,5,1
13,81,0,4,1
40,24,0,8,1
40,82,0,8,1
41,59,0,10,1
46,78,0,3,1
47,40,0,6,1
42,75,0,4,1
22,76,0,5,1
44,21,0,8,1
47,55,0,11,1
41,27,0,8,1
49,35,0,3,1
41,84,0,4,1
37,48,0,3,1
44,24,0,5,1
38,33,0,10,1
13,80,0,11,1
42,28,0,11,1
38,48,0,9,1
21,76,0,5,1
35,80,0,10,1
10,81,0,3,1
49,37,0,6,1
39,48,0,6,1
44,76,0,3,1
38,48,0,6,1
21,83,0,11,1
15,76,0,10,1
39,40,0,4,1
49,50,0,4,1
38,49,0,8,1
36,29,0,5,1
39,29,0,7,1
41,45,0,5,1
20,82,0,5,1
49,25,0,3,1
48,81,0,5,1
48,21,0,7,1
10,81,0,7,1
37,81,0,4,1
43,84,0,3,1
19,77,0,9,1
42,36,0,9,1
45,53,0,4,1
37,79,0,8,1
36,43,0,7,1
43,56,0,10,1
37,30,0,7,1
36,45,0,9,1
23,83,0,8,1
23,83,0,4,1
36,49,0,3,1
36,30,0,7,1
48,40,0,3,1
48,55,0,4,1
18,84,0,10,1
38,77,0,5,1
45,36,0,11,1
37,31,0,8,1
48,59,0,5,1
47,81,0,9,1
46,30,0,5,1
41,57,0,6,1
38,39,0,3,1
36,33,0,5,1
49,51,0,3,1
41,39,0,5,1
50,83,0,8,1
38,56,0,9,1
38,23,0,10,1
45,30,0,6,1
45,59,0,4,1
41,59,0,4,1
19,77,0,3,1
36,49,0,5,1
24,82,0,4,1
10,81,0,7,1
45,75,0,8,1
36,77,0,5,1
38,31,0,9,1
24,82,0,5,1
12,82,0,9,1
40,44,0,7,1
20,82,0,9,1
36,35,0,8,1
35,55,0,9,1
18,76,0,7,1
44,51,0,4,1
10,78,0,8,1
36,81,0,11,1
13,81,0,3,1
41,25,0,11,1
41,44,0,11,1
42,39,0,7,1
48,43,0,6,1
36,22,0,10,1
45,31,0,4,1
36,52,0,11,1
49,27,0,9,1
47,31,0,3,1
44,44,0,7,1
42,51,0,3,1
40,45,0,4,1
48,30,0,9,1
37,41,0,7,1
49,48,0,8,1
11,83,0,6,1
46,51,0,10,1
37,29,0,6,1
48,24,0,8,1
44,22,0,5,1
24,75,0,10,1
42,42,0,11,1
49,34,0,7,1
36,78,0,7,1
46,76,0,11,1
11,82,0,9,1
42,50,0,10,1
43,51,0,7,1
36,77,0,7,1
15,84,0,11,1
49,49,0,9,1
39,48,0,4,1
45,56,0,9,1
48,79,0,6,1
41,58,0,7,1
44,27,0,11,1
45,37,0,9,1
49,75,0,9,1
48,38,0,4,1
37,34,0,11,1
45,24,0,3,1
40,83,0,4,1
38,35,0,4,1
40,51,0,9,1
39,20,0,6,1
41,42,0,6,1
44,22,0,7,1
42,82,0,10,1
45,23,0,9,1
45,20,0,9,1
23,80,0,10,1
22,83,0,5,1
44,23,0,11,1
20,77,0,9,1
47,47,0,3,1
37,37,0,9,1
47,44,0,3,1
13,78,0,9,1
41,52,0,11,1
44,22,0,9,1
44,26,0,5,1
38,37,0,4,1
41,50,0,7,1
11,81,0,9,1
38,40,0,5,1
49,84,0,5,1
44,35,0,8,1
16,79,0,5,1
19,84,0,9,1
16,78,0,10,1
21,79,0,6,1
38,29,0,5,1
39,31,0,9,1
24,80,0,3,1
40,53,0,3,1
12,75,0,6,1
38,20,0,7,1
41,20,0,5,1
13,83,0,7,1
37,48,0,6,1
37,80,0,9,1
47,82,0,7,1
17,75,0,4,1
41,41,0,3,1
19,83,0,7,1
43,27,0,9,1
45,48,0,4,1
48,39,0,4,1
10,76,0,8,1
43,40,0,3,1
38,29,0,9,1
21,84,0,10,1
21,79,0,6,1
48,49,0,8,1
38,52,0,7,1
40,39,0,4,1
16,80,0,6,1
43,58,0,8,1
41,83,0,3,1
12,76,0,8,1
45,59,0,9,1
43,49,0,8,1
35,50,0,4,1
43,79,0,9,1
24,85,0,6,1
42,54,0,10,1
42,53,0,3,1
47,58,0,5,1
42,38,0,11,1
43,20,0,5,1
22,78,0,9,1
39,34,0,4,1
39,34,0,5,1
36,32,0,4,1
37,38,0,6,1
38,24,0,10,1
46,54,0,10,1
42,23,0,7,1
38,47,0,4,1
47,23,0,6,1
18,82,0,4,1
35,75,0,10,1
47,44,0,7,1
36,24,0,6,1
36,41,0,9,1
49,58,0,6,1
35,48,0,7,1
37,32,0,8,1
10,78,0,4,1
40,20,0,5,1
46,47,0,6,1
45,35,0,10,1
13,80,0,9,1
48,37,0,11,1
36,56,0,4,1
49,52,0,5,1
39,26,0,8,1
39,30,0,6,1
48,51,0,10,1
14,84,0,7,1
22,80,0,7,1
39,47,0,4,1
39,43,0,4,1
43,58,0,3,1
43,33,0,9,1
44,77,0,3,1
11,80,0,4,1
22,83,0,8,1
17,76,0,7,1
10,82,0,5,1
43,20,0,7,1
45,59,0,6,1
49,22,0,4,1
45,27,0,9,1
49,31,0,9,1
43,75,0,3,1
49,40,0,9,1
43,37,0,3,1
24,77,0,5,1
45,23,0,9,1
39,55,0,4,1
17,79,0,7,1
44,35,0,3,1
41,30,0,4,1
35,46,0,4,1
42,29,0,8,1
47,28,0,11,1
49,23,0,8,1
18,75,0,6,1
16,76,0,10,1
38,49,0,4,1
35,47,0,6,1
47,20,0,5,1
38,36,0,11,1
23,79,0,5,1
23,82,0,8,1
22,81,0,6,1
36,47,0,10,1
37,37,0,7,1
48,21,0,4,1
37,79,0,11,1
41,78,0,4,1
45,30,0,7,1
21,80,0,11,1
36,23,0,9,1
42,24,0,3,1
46,32,0,11,1
36,48,0,5,1
46,24,0,3,1
37,26,0,10,1
43,50,0,10,1
49,47,0,9,1
41,30,0,3,1
39,53,0,5,1
46,28,0,10,1
38,76,0,6,1
41,49,0,5,1
48,57,0,6,1
24,80,0,3,1
38,23,0,11,1
44,35,0,8,1
39,28,0,9,1
48,78,0,6,1
11,78,0,3,1
49,80,0,10,1
38,57,0,7,1
37,25,0,6,1
46,29,0,7,1
48,34,0,8,1
42,45,0,4,1
42,38,0,11,1
18,84,0,9,1
45,59,0,11,1
48,30,0,6,1
39,29,0,9,1
36,33,0,11,1
39,39,0,5,1
35,42,0,5,1
43,80,0,9,1
22,82,0,7,1
36,78,0,7,1
37,21,0,10,1
39,48,0,3,1
47,30,0,9,1
39,76,0,11,1
44,52,0,5,1
17,84,0,4,1
36,81,0,6,1
37,49,0,7,1
43,45,0,5,1
43,44,0,4,1
36,44,0,6,1
19,79,0,6,1
11,75,0,7,1
40,49,0,3,1
43,82,0,5,1
36,23,0,9,1
39,39,0,8,1
37,55,0,9,1
35,59,0,3,1
47,84,0,10,1
38,34,0,3,1
45,48,0,8,1
42,23,0,11,1
10,81,0,10,1
45,83,0,4,1
23,77,0,4,1
37,45,0,9,1
39,78,0,9,1
42,29,0,5,1
42,77,0,5,1
47,55,0,9,1
40,38,0,8,1
45,21,0,8,1
49,79,0,5,1
48,42,0,10,1
46,41,0,8,1
47,48,0,4,1
44,37,0,7,1
49,76,0,8,1
44,28,0,5,1
38,41,0,3,1
39,84,0,8,1
42,22,0,5,1
39,47,0,10,1
42,76,0,3,1
36,50,0,6,1
35,43,0,9,1
39,55,0,3,1
37,55,0,9,1
40,32,0,10,1
48,78,0,11,1
47,82,0,4,1
36,49,0,7,1
46,36,0,6,1
40,24,0,3,1
46,39,0,11,1
43,49,0,7,1
40,48,0,11,1
40,43,0,4,1
20,84,0,5,1
17,80,0,9,1
35,21,0,10,1
37,80,0,8,1
43,28,0,10,1
38,53,0,4,1
38,22,0,5,1
20,83,0,3,1
35,43,0,4,1
35,36,0,10,1
44,20,0,5,1
44,33,0,4,1
40,50,0,6,1
48,47,0,9,1
38,22,0,11,1
48,38,0,6,1
45,20,0,8,1
39,33,0,7,1
41,37,0,7,1
39,32,0,11,1
41,80,0,6,1
14,83,0,5,1
46,26,0,9,1
36,29,0,9,1
45,33,0,5,1
36,46,0,9,1
41,77,0,6,1
48,84,0,10,1
40,39,0,8,1
43,57,0,9,1
49,50,0,4,1
40,39,0,10,1
15,83,0,4,1
36,80,0,7,1
41,55,0,3,1
37,39,0,10,1
39,49,0,4,1
20,81,0,10,1
48,48,0,5,1
42,78,0,3,1
12,84,0,8,1
47,34,0,7,1
49,43,0,11,1
46,37,0,9,1
41,51,0,4,1
36,53,0,5,1
41,81,0,6,1
49,58,0,7,1
49,36,0,6,1
43,26,0,8,1
46,20,0,8,1
39,44,0,7,1
11,81,0,6,1
38,21,0,10,1
40,50,0,4,1
35,53,0,8,1
43,38,0,7,1
22,79,0,9,1
45,83,0,4,1
38,42,0,5,1
48,55,0,4,1
16,75,0,3,1
43,53,0,5,1
35,58,0,5,1
41,81,0,10,1
46,35,0,8,1
17,78,0,7,1
41,78,0,10,1
17,82,0,6,1
47,42,0,9,1
49,76,0,4,1
18,76,0,9,1
41,55,0,4,1
37,48,0,8,1
40,50,0,6,1
38,79,0,4,1
40,21,0,6,1
40,40,0,3,1
42,76,0,5,1
20,75,0,11,1
49,55,0,10,1
43,24,0,4,1
42,28,0,11,1
46,24,0,8,1
40,81,0,3,1
40,43,0,4,1
43,75,0,5,1
46,20,0,6,1
45,32,0,4,1
46,57,0,4,1
36,78,0,5,1
47,40,0,3,1
39,53,0,4,1
44,54,0,9,1
46,59,0,8,1
42,26,0,4,1
36,27,0,7,1
44,26,0,11,1
41,31,0,9,1
36,35,0,5,1
11,76,0,8,1
37,31,0,6,1
47,40,0,7,1
43,23,0,7,1
48,29,0,9,1
14,75,0,6,1
49,34,0,3,1
35,79,0,3,1
38,43,0,6,1
36,26,0,4,1
47,36,0,7,1
46,37,0,5,1
17,82,0,7,1
44,28,0,10,1
20,80,0,5,1
49,32,0,8,1
49,20,0,11,1
49,59,0,3,1
38,37,0,4,1
39,25,0,8,1
12,77,0,3,1
14,80,0,11,1
39,47,0,6,1
47,34,0,7,1
49,25,0,10,1
38,32,0,8,1
12,78,0,5,1
35,38,0,6,1
36,44,0,9,1
37,52,0,6,1
42,77,0,6,1
37,50,0,6,1
41,50,0,4,1
46,76,0,6,1
41,43,0,3,1
48,42,0,4,1
40,52,0,9,1
48,31,0,10,1
38,79,0,9,1
15,77,0,3,1
48,54,0,10,1
19,75,0,7,1
13,78,0,10,1
47,33,0,9,1
38,77,0,3,1
45,42,0,11,1
39,76,0,5,1
41,77,0,10,1
39,32,0,3,1
35,30,0,3,1
48,53,0,11,1
36,28,0,10,1
46,44,0,11,1
24,84,0,10,1
35,33,0,4,1
39,82,0,4,1
47,37,0,5,1
43,43,0,10,1
17,81,0,8,1
48,30,0,4,1
43,27,0,8,1
49,30,0,6,1
21,81,0,6,1
43,41,0,4,1
35,59,0,9,1
46,33,0,3,1
15,83,0,11,1
15,84,0,8,1
47,76,0,3,1
41,39,0,7,1
38,37,0,9,1
36,35,0,5,1
46,28,0,7,1
49,55,0,10,1
24,77,0,8,1
41,37,0,10,1
10,80,0,5,1
48,53,0,7,1
48,83,0,6,1
37,84,0,6,1
37,53,0,4,1
19,78,0,10,1
12,84,0,10,1
39,55,0,8,1
46,25,0,3,1
43,40,0,5,1
18,78,0,6,1
14,79,0,6,1
44,81,0,7,1
46,38,0,7,1
37,36,0,10,1
48,58,0,6,1
48,80,0,6,1
45,35,0,8,1
47,29,0,6,1
24,79,0,9,1
15,81,0,4,1
47,37,0,8,1
36,25,0,7,1
45,77,0,11,1
23,84,0,6,1
45,81,0,10,1
49,58,0,7,1
45,23,0,8,1
36,56,0,5,1
49,57,0,4,1
38,30,0,4,1
37,26,0,9,1
10,76,0,10,1
42,32,0,7,1
45,51,0,9,1
36,20,0,4,1
35,44,0,7,1
39,26,0,5,1
48,80,0,4,1
43,33,0,3,1
36,48,0,11,1
18,84,0,8,1
47,37,0,10,1
42,75,0,7,1
23,81,0,3,1
39,54,0,11,1
41,84,0,5,1
44,80,0,3,1
46,79,0,8,1
38,27,0,9,1
36,75,0,4,1
42,35,0,5,1
49,38,0,4,1
15,80,0,7,1
40,43,0,5,1
23,75,0,10,1
48,59,0,7,1
10,81,0,11,1
47,52,0,4,1
47,22,0,6,1
39,39,0,3,1
21,76,0,6,1
40,26,0,10,1
47,79,0,3,1
37,75,0,3,1
46,27,0,4,1
35,77,0,3,1
45,45,0,11,1
49,59,0,5,1
46,43,0,10,1
12,78,0,3,1
37,78,0,3,1
39,49,0,6,1
47,84,0,9,1
43,56,0,7,1
18,83,0,7,1
46,59,0,6,1
43,75,0,7,1
43,79,0,9,1
22,77,0,4,1
49,42,0,11,1
49,78,0,11,1
21,76,0,6,1
43,53,0,11,1
35,51,0,10,1
23,76,0,9,1
38,36,0,8,1
14,77,0,11,1
36,27,0,4,1
47,41,0,5,1
43,81,0,11,1
48,82,0,4,1
49,35,0,10,1
43,52,0,5,1
37,41,0,7,1
47,30,0,5,1
43,22,0,7,1
47,56,0,7,1
44,28,0,10,1
10,83,0,6,1
39,33,0,4,1
45,39,0,8,1
48,82,0,9,1
44,34,0,9,1
17,75,0,6,1
38,55,0,9,1
36,24,0,9,1
36,21,0,6,1
45,34,0,6,1
11,75,0,8,1
47,25,0,8,1
41,82,0,9,1
45,23,0,6,1
49,55,0,4,1
46,49,0,8,1
24,77,0,5,1
47,56,0,5,1
45,46,0,11,1
41,29,0,6,1
35,80,0,5,1
40,35,0,10,1
35,29,0,10,1
36,83,0,7,1
38,82,0,4,1
39,77,0,3,1
12,82,0,11,1
37,22,0,8,1
44,38,0,4,1
46,60,0,8,1
39,43,0,10,1
40,47,0,3,1
35,54,0,11,1
42,58,0,6,1
42,21,0,3,1
12,75,0,9,1
41,31,0,4,1
19,81,0,10,1
43,31,0,10,1
49,44,0,5,1
47,84,0,9,1
39,23,0,8,1
10,84,0,8,1
38,47,0,3,1
41,41,0,5,1
46,34,0,10,1
43,47,0,6,1
40,32,0,7,1
44,20,0,10,1
45,53,0,5,1
23,79,0,8,1
41,44,0,7,1
43,33,0,11,1
47,84,0,10,1
38,46,0,7,1
35,80,0,6,1
46,51,0,7,1
47,44,0,3,1
41,53,0,11,1
47,58,0,11,1
45,54,0,6,1
10,79,0,11,1
17,77,0,5,1
49,32,0,8,1
48,54,0,11,1
42,20,0,4,1
23,79,0,4,1
17,80,0,8,1
39,28,0,5,1
41,41,0,4,1
22,83,0,6,1
47,38,0,6,1
40,20,0,11,1
46,57,0,9,1
42,50,0,9,1
40,47,0,4,1
39,45,0,9,1
13,83,0,3,1
48,52,0,3,1
47,21,0,7,1
49,20,0,8,1
42,76,0,4,1
45,36,0,3,1
11,83,0,11,1
35,44,0,7,1
42,38,0,10,1
40,42,0,6,1
46,45,0,5,1
38,22,0,5,1
42,58,0,7,1
46,78,0,9,1
23,81,0,5,1
15,80,0,6,1
48,22,0,7,1
38,25,0,10,1
47,83,0,3,1
42,33,0,6,1
41,41,0,4,1
38,52,0,8,1
44,32,0,9,1
37,52,0,11,1
47,41,0,5,1
44,47,0,9,1
47,29,0,8,1
49,40,0,8,1
49,34,0,10,1
49,42,0,3,1
43,75,0,3,1
43,46,0,11,1
40,27,0,3,1
44,36,0,3,1
41,47,0,10,1
49,51,0,3,1
36,49,0,9,1
39,83,0,9,1
48,59,0,9,1
46,23,0,10,1
41,26,0,10,1
48,82,0,10,1
39,23,0,10,1
41,29,0,6,1
44,38,0,7,1
38,82,0,7,1
45,76,0,3,1
49,26,0,8,1
49,50,0,4,1
16,75,0,8,1
43,79,0,6,1
48,75,0,3,1
42,42,0,5,1
39,82,0,11,1
37,84,0,3,1
40,33,0,7,1
47,49,0,6,1
47,25,0,11,1
36,38,0,4,1
46,28,0,5,1
17,80,0,7,1
44,22,0,9,1
41,29,0,8,1
46,48,0,6,1
12,79,0,7,1
48,40,0,6,1
40,82,0,3,1
45,76,0,6,1
23,76,0,8,1
46,59,0,8,1
49,29,0,7,1
37,20,0,4,1
42,36,0,6,1
38,36,0,7,1
22,77,0,5,1
46,37,0,8,1
41,78,0,7,1
47,45,0,5,1
40,41,0,6,1
40,21,0,8,1
47,26,0,5,1
44,42,0,7,1
35,28,0,11,1
44,50,0,7,1
48,36,0,11,1
45,81,0,11,1
40,21,0,9,1
46,30,0,4,1
37,44,0,6,1
21,77,0,6,1
42,59,0,6,1
45,77,0,6,1
35,43,0,4,1
40,39,0,8,1
46,43,0,10,1
23,82,0,5,1
45,80,0,5,1
36,41,0,8,1
44,32,0,4,1
17,75,0,7,1
49,54,0,4,1
35,31,0,7,1
38,77,0,9,1
39,37,0,6,1
43,34,0,10,1
45,50,0,8,1
38,30,0,11,1
46,59,0,5,1
17,78,0,10,1
47,49,0,3,1
23,82,0,5,1
39,56,0,7,1
40,29,0,6,1
36,37,0,4,1
40,38,0,7,1
49,78,0,8,1
40,53,0,10,1
37,52,0,10,1
44,81,0,8,1
44,79,0,4,1
49,36,0,8,1
48,83,0,9,1
45,81,0,10,1
46,30,0,6,1
40,32,0,4,1
44,45,0,11,1
48,36,0,3,1
38,48,0,3,1
35,36,0,11,1
49,52,0,5,1
43,78,0,11,1
45,28,0,4,1
48,47,0,3,1
49,54,0,10,1
47,83,0,11,1
35,24,0,10,1
36,49,0,3,1
43,39,0,7,1
35,46,0,7,1
39,45,0,7,1
42,30,0,9,1
35,42,0,5,1
46,35,0,11,1
38,83,0,8,1
45,47,0,8,1
43,27,0,8,1
37,79,0,4,1
36,82,0,7,1
36,49,0,10,1
40,46,0,10,1
38,45,0,3,1
35,77,0,6,1
49,48,0,11,1
14,75,0,9,1
40,46,0,5,1
39,36,0,9,1
44,48,0,5,1
39,77,0,7,1
36,26,0,3,1
45,37,0,4,1
42,84,0,8,1
40,43,0,3,1
37,79,0,4,1
42,48,0,6,1
44,23,0,3,1
44,37,0,4,1
11,76,0,9,1
41,23,0,10,1
18,75,0,9,1
36,75,0,10,1
16,80,0,9,1
39,29,0,11,1
36,80,0,4,1
45,82,0,11,1
40,27,0,5,1
47,28,0,9,1
47,45,0,4,1
43,78,0,10,1
42,53,0,7,1
40,51,0,6,1
17,76,0,8,1
45,59,0,7,1
19,84,0,7,1
46,52,0,10,1
41,42,0,8,1
48,34,0,11,1
41,55,0,3,1
44,26,0,3,1
46,82,0,9,1
24,77,0,3,1
46,25,0,11,1
17,76,0,10,1
47,30,0,10,1
39,20,0,4,1
47,26,0,11,1
46,37,0,3,1
47,76,0,10,1
36,47,0,9,1
25,82,0,3,1
38,51,0,8,1
36,21,0,11,1
41,30,0,9,1
10,83,0,10,1
40,54,0,3,1
44,24,0,6,1
37,75,0,11,1
42,82,0,3,1
46,31,0,3,1
15,81,0,5,1
39,57,0,10,1
37,24,0,4,1
36,46,0,10,1
45,44,0,5,1
41,28,0,7,1
49,32,0,5,1
14,76,0,10,1
35,28,0,6,1
48,29,0,7,1
38,29,0,6,1
24,77,0,8,1
43,32,0,9,1
44,81,0,4,1
43,43,0,5,1
46,35,0,4,1
37,50,0,3,1
17,76,0,11,1
10,80,0,3,1
36,27,0,10,1
24,78,0,7,1
38,34,0,6,1
42,58,0,8,1
36,29,0,4,1
13,81,0,9,1
46,21,0,5,1
37,55,0,11,1
42,40,0,10,1
47,84,0,3,1
41,35,0,9,1
41,52,0,7,1
15,84,0,6,1
49,38,0,7,1
41,21,0,3,1
37,22,0,7,1
17,78,0,9,1
46,50,0,11,1
43,23,0,10,1
46,39,0,6,1
37,24,0,3,1
46,32,0,3,1
46,81,0,10,1
48,83,0,6,1
24,84,0,10,1
15,76,0,11,1
47,78,0,6,1
41,31,0,7,1
44,47,0,10,1
41,56,0,5,1
47,42,0,8,1
44,52,0,11,1
47,47,0,7,1
44,34,0,7,1
19,78,0,5,1
17,77,0,7,1
20,77,0,4,1
47,47,0,4,1
48,54,0,7,1
43,23,0,5,1
43,49,0,11,1
44,49,0,3,1
36,75,0,8,1
42,76,0,7,1
44,31,0,7,1
43,53,0,7,1
48,29,0,4,1
36,31,0,7,1
37,36,0,5,1
45,83,0,5,1
41,23,0,3,1
37,80,0,7,1
47,80,0,8,1
46,52,0,11,1
24,76,0,8,1
40,36,0,8,1
45,59,0,11,1
36,58,0,7,1
12,79,0,8,1
39,80,0,8,1
43,28,0,5,1
20,83,0,10,1
46,22,0,3,1
47,41,0,5,1
12,78,0,11,1
38,79,0,6,1
43,33,0,7,1
42,53,0,10,1
36,56,0,8,1
42,59,0,7,1
44,25,0,9,1
43,37,0,11,1
49,51,0,8,1
40,29,0,11,1
41,41,0,9,1
46,46,0,6,1
41,84,0,6,1
19,78,0,5,1
44,81,0,11,1
36,29,0,8,1
16,75,0,3,1
39,42,0,6,1
37,41,0,6,1
45,45,0,7,1
13,82,0,9,1
47,84,0,8,1
47,76,0,8,1
35,83,0,7,1
35,51,0,8,1
38,75,0,9,1
38,33,0,9,1
42,82,0,11,1
37,21,0,5,1
15,83,0,6,1
46,77,0,11,1
35,44,0,3,1
40,79,0,3,1
17,78,0,8,1
43,84,0,5,1
43,58,0,11,1
35,43,0,5,1
19,77,0,7,1
47,37,0,7,1
35,23,0,5,1
44,57,0,6,1
45,75,0,4,1
41,32,0,11,1
41,55,0,3,1
35,59,0,5,1
41,77,0,4,1
12,78,0,10,1
48,39,0,3,1
38,46,0,4,1
47,22,0,11,1
44,75,0,10,1
36,45,0,11,1
42,45,0,7,1
48,51,0,3,1
46,79,0,9,1
17,76,0,5,1
38,20,0,5,1
44,45,0,11,1
37,76,0,5,1
45,26,0,3,1
17,80,0,8,1
41,52,0,7,1
43,28,0,9,1
44,29,0,10,1
44,53,0,3,1
41,25,0,9,1
42,75,0,8,1
41,58,0,5,1
42,24,0,5,1
35,59,0,9,1
39,41,0,4,1
38,45,0,6,1
13,84,0,5,1
45,57,0,10,1
48,40,0,11,1
45,54,0,5,1
47,24,0,10,1
40,33,0,5,1
38,42,0,8,1
24,76,0,3,1
48,58,0,6,1
37,48,0,7,1
40,33,0,3,1
42,29,0,7,1
45,21,0,5,1
47,49,0,11,1
49,82,0,4,1
12,78,0,11,1
36,39,0,6,1
45,44,0,11,1
40,31,0,8,1
37,39,0,8,1
14,78,0,5,1
44,44,0,6,1
43,44,0,3,1
41,51,0,5,1
35,45,0,10,1
12,77,0,11,1
49,27,0,8,1
45,29,0,5,1
46,37,0,4,1
46,41,0,11,1
45,53,0,4,1
21,76,0,10,1
44,33,0,7,1
41,52,0,5,1
47,20,0,11,1
37,28,0,4,1
18,76,0,5,1
10,78,0,10,1
47,27,0,5,1
20,80,0,8,1
46,36,0,9,1
42,79,0,3,1
48,33,0,10,1
49,35,0,3,1
37,77,0,9,1
49,75,0,5,1
38,84,0,6,1
44,33,0,11,1
42,44,0,8,1
39,54,0,11,1
48,34,0,8,1
38,56,0,10,1
44,41,0,6,1
39,52,0,10,1
15,80,0,11,1
36,49,0,9,1
44,52,0,3,1
35,77,0,5,1
40,81,0,10,1
45,55,0,5,1
15,76,0,7,1
47,42,0,8,1
45,42,0,4,1
43,22,0,3,1
39,43,0,7,1
41,37,0,11,1
39,80,0,3,1
49,44,0,11,1
39,48,0,11,1
42,52,0,6,1
35,22,0,3,1
41,38,0,11,1
44,45,0,7,1
22,78,0,10,1
47,37,0,4,1
38,80,0,9,1
36,76,0,11,1
41,20,0,7,1
35,51,0,7,1
39,59,0,10,1
45,58,0,9,1
45,56,0,11,1
17,80,0,4,1
35,33,0,4,1
44,48,0,10,1
40,54,0,11,1
10,78,0,7,1
43,56,0,5,1
16,83,0,7,1
43,38,0,4,1
38,35,0,6,1
43,47,0,5,1
44,47,0,5,1
44,24,0,6,1
36,35,0,9,1
42,25,0,8,1
36,35,0,3,1
22,77,0,8,1
43,47,0,9,1
43,33,0,3,1
41,39,0,9,1
38,22,0,8,1
38,48,0,3,1
15,81,0,3,1
36,30,0,6,1
23,84,0,6,1
24,78,0,11,1
44,59,0,5,1
35,33,0,7,1
46,52,0,3,1
45,42,0,5,1
36,27,0,11,1
21,81,0,3,1
39,49,0,11,1
17,75,0,8,1
49,26,0,9,1
35,42,0,7,1
44,80,0,5,1
42,40,0,3,1
39,56,0,5,1
17,80,0,10,1
47,33,0,7,1
45,46,0,6,1
42,45,0,5,1
42,57,0,9,1
37,20,0,10,1
15,75,0,10,1
37,55,0,9,1
13,82,0,10,1
14,81,0,3,1
40,78,0,5,1
35,25,0,9,1
24,83,0,6,1
13,84,0,5,1
38,31,0,7,1
44,80,0,7,1
47,59,0,5,1
38,84,0,7,1
23,84,0,10,1
14,75,0,7,1
47,79,0,3,1
47,51,0,4,1
37,21,0,9,1
49,48,0,8,1
48,77,0,10,1
35,42,0,11,1
14,81,0,9,1
49,80,0,3,1
46,42,0,9,1
48,43,0,7,1
48,37,0,5,1
49,54,0,5,1
21,76,0,10,1
38,76,0,4,1
39,43,0,7,1
43,57,0,5,1
45,20,0,4,1
18,84,0,4,1
45,53,0,3,1
44,31,0,6,1
17,76,0,9,1
37,41,0,9,1
45,24,0,9,1
37,35,0,9,1
35,36,0,8,1
37,37,0,9,1
37,76,0,9,1
41,82,0,3,1
47,55,0,9,1
43,38,0,5,1
48,43,0,6,1
35,55,0,7,1
43,26,0,4,1
41,28,0,8,1
49,84,0,5,1
35,47,0,8,1
43,34,0,11,1
37,77,0,7,1
42,33,0,11,1
41,44,0,10,1
44,34,0,11,1
49,48,0,9,1
49,54,0,11,1
47,84,0,4,1
38,84,0,11,1
45,54,0,7,1
36,39,0,8,1
44,84,0,3,1
49,29,0,3,1
22,79,0,8,1
36,83,0,6,1
49,49,0,8,1
48,55,0,6,1
47,54,0,5,1
41,38,0,11,1
49,52,0,10,1
42,41,0,11,1
41,24,0,11,1
39,45,0,8,1
49,53,0,4,1
48,52,0,11,1
36,23,0,4,1
46,57,0,7,1
45,77,0,3,1
16,80,0,6,1
24,81,0,11,1
42,75,0,4,1
37,25,0,5,1
37,76,0,5,1
43,42,0,3,1
40,30,0,3,1
42,39,0,6,1
40,54,0,11,1
43,20,0,3,1
46,30,0,7,1
36,26,0,7,1
42,78,0,8,1
36,27,0,11,1
24,75,0,10,1
45,26,0,9,1
19,84,0,4,1
36,83,0,8,1
45,34,0,6,1
44,84,0,10,1
47,25,0,6,1
45,47,0,10,1
35,27,0,11,1
35,82,0,5,1
16,77,0,3,1
14,75,0,7,1
40,45,0,8,1
44,39,0,11,1
39,79,0,9,1
46,23,0,5,1
37,50,0,5,1
35,40,0,7,1
38,48,0,10,1
40,82,0,3,1
40,36,0,6,1
24,80,0,8,1
38,78,0,3,1
35,84,0,9,1
48,44,0,4,1
41,28,0,10,1
36,31,0,9,1
18,75,0,11,1
42,27,0,11,1
35,79,0,7,1
49,52,0,5,1
46,23,0,7,1
40,58,0,5,1
44,47,0,8,1
37,31,0,10,1
35,59,0,7,1
35,43,0,6,1
18,83,0,9,1
41,29,0,5,1
35,30,0,8,1
48,77,0,9,1
45,26,0,9,1
45,41,0,9,1
16,76,0,7,1
13,81,0,7,1
45,28,0,10,1
12,81,0,9,1
35,40,0,11,1
21,83,0,9,1
39,34,0,6,1
45,23,0,10,1
44,79,0,11,1
36,79,0,11,1
49,30,0,10,1
47,39,0,9,1
36,56,0,5,1
49,75,0,6,1
42,54,0,5,1
36,44,0,4,1
45,39,0,5,1
40,26,0,8,1
23,82,0,11,1
47,36,0,11,1
46,30,0,8,1
39,45,0,4,1
46,24,0,3,1
45,76,0,7,1
48,30,0,7,1
44,83,0,11,1
39,57,0,3,1
42,34,0,10,1
43,56,0,4,1
12,75,0,10,1
39,47,0,8,1
45,79,0,11,1
45,40,0,3,1
44,75,0,4,1
48,83,0,9,1
37,34,0,5,1
40,79,0,6,1
43,21,0,9,1
39,40,0,7,1
43,39,0,6,1
36,50,0,5,1
37,29,0,8,1
42,33,0,6,1
43,58,0,8,1
37,31,0,10,1
42,80,0,8,1
38,58,0,7,1
47,25,0,7,1
39,76,0,6,1
46,32,0,3,1
48,38,0,7,1
40,41,0,8,1
38,57,0,11,1
38,46,0,3,1
45,24,0,6,1
49,26,0,6,1
49,30,0,7,1
49,45,0,8,1
38,54,0,5,1
15,82,0,8,1
49,40,0,4,1
37,33,0,10,1
44,40,0,5,1
42,34,0,5,1
40,46,0,8,1
36,30,0,10,1
49,36,0,7,1
41,33,0,8,1
12,78,0,8,1
12,84,0,7,1
14,83,0,4,1
37,78,0,6,1
39,47,0,10,1
37,45,0,11,1
13,75,0,7,1
37,76,0,7,1
42,50,0,7,1
42,76,0,9,1
37,36,0,7,1
39,56,0,3,1
48,84,0,6,1
38,45,0,7,1
48,82,0,8,1
46,24,0,8,1
37,50,0,3,1
22,82,0,6,1
44,22,0,7,1
35,27,0,6,1
35,41,0,4,1
43,31,0,5,1
44,55,0,11,1
43,35,0,11,1
48,46,0,8,1
12,82,0,6,1
48,84,0,6,1
38,54,0,8,1
45,56,0,5,1
42,29,0,10,1
45,33,0,11,1
14,81,0,11,1
43,40,0,10,1
21,80,0,4,1
42,44,0,10,1
37,26,0,8,1
44,34,0,9,1
47,82,0,7,1
19,81,0,4,1
49,42,0,4,1
49,55,0,7,1
49,54,0,11,1
35,80,0,7,1
49,78,0,10,1
36,40,0,6,1
45,54,0,6,1
13,80,0,8,1
44,43,0,4,1
46,56,0,4,1
44,59,0,9,1
39,51,0,11,1
39,37,0,9,1
47,27,0,4,1
46,60,0,7,1
48,39,0,4,1
36,26,0,3,1
20,84,0,8,1
35,28,0,8,1
42,55,0,8,1
35,43,0,8,1
19,76,0,7,1
38,79,0,5,1
48,83,0,9,1
38,39,0,3,1
47,46,0,6,1
38,51,0,7,1
13,80,0,8,1
35,50,0,11,1
42,42,0,8,1
36,50,0,6,1
49,45,0,11,1
45,84,0,5,1
45,46,0,10,1
38,50,0,4,1
21,75,0,9,1
48,27,0,6,1
23,77,0,10,1
42,22,0,11,1
47,78,0,3,1
41,29,0,7,1
41,32,0,11,1
48,39,0,11,1
49,37,0,3,1
38,45,0,9,1
38,59,0,6,1
38,44,0,8,1
20,82,0,7,1
46,52,0,3,1
46,39,0,10,1
19,82,0,5,1
42,84,0,8,1
42,79,0,7,1
21,81,0,5,1
44,46,0,9,1
43,46,0,6,1
39,32,0,11,1
42,56,0,7,1
10,76,0,3,1
16,75,0,9,1
39,23,0,7,1
20,79,0,4,1
38,44,0,9,1
44,49,0,6,1
39,79,0,8,1
49,57,0,10,1
36,49,0,8,1
21,84,0,11,1
38,30,0,9,1
37,29,0,10,1
39,76,0,7,1
44,28,0,8,1
36,36,0,8,1
48,46,0,4,1
41,33,0,3,1
47,51,0,7,1
39,45,0,6,1
44,34,0,5,1
38,34,0,6,1
38,55,0,6,1
47,75,0,6,1
42,55,0,8,1
10,78,0,10,1
41,48,0,7,1
48,21,0,10,1
42,43,0,4,1
48,53,0,7,1
24,75,0,8,1
37,42,0,3,1
47,84,0,11,1
49,82,0,6,1
46,26,0,3,1
39,79,0,3,1
39,46,0,11,1
45,37,0,4,1
45,51,0,4,1
39,83,0,4,1
24,80,0,6,1
48,82,0,9,1
14,76,0,4,1
35,50,0,10,1
46,82,0,3,1
10,82,0,10,1
47,52,0,7,1
21,84,0,3,1
49,56,0,4,1
46,51,0,6,1
43,39,0,7,1
46,26,0,4,1
40,79,0,4,1
42,23,0,9,1
37,25,0,8,1
45,54,0,3,1
36,35,0,8,1
36,80,0,10,1
48,22,0,7,1
48,42,0,3,1
39,34,0,3,1
40,81,0,8,1
44,78,0,4,1
10,80,0,6,1
46,47,0,7,1
42,49,0,3,1
48,36,0,10,1
36,37,0,11,1
19,76,0,4,1
21,82,0,10,1
36,79,0,6,1
43,54,0,6,1
45,48,0,6,1
18,79,0,8,1
44,34,0,10,1
20,82,0,5,1
38,20,0,6,1
42,43,0,4,1
44,33,0,4,1
46,26,0,3,1
44,33,0,10,1
16,79,0,3,1
49,76,0,6,1
13,76,0,9,1
40,38,0,6,1
44,32,0,11,1
38,58,0,6,1
22,78,0,11,1
36,25,0,7,1
35,26,0,5,1
39,33,0,8,1
49,78,0,8,1
45,35,0,9,1
42,79,0,8,1
49,81,0,8,1
13,76,0,4,1
35,51,0,4,1
48,29,0,8,1
43,59,0,10,1
42,20,0,7,1
37,50,0,7,1
39,45,0,8,1
49,76,0,10,1
15,76,0,10,1
45,33,0,4,1
37,59,0,11,1
47,35,0,9,1
18,80,0,9,1
46,21,0,7,1
46,31,0,7,1
42,77,0,5,1
36,77,0,4,1
42,54,0,3,1
44,34,0,6,1
35,29,0,11,1
10,76,0,4,1
46,40,0,9,1
10,83,0,5,1
45,36,0,5,1
41,20,0,7,1
21,77,0,11,1
38,30,0,5,1
41,53,0,5,1
36,84,0,10,1
38,56,0,5,1
36,24,0,4,1
11,78,0,3,1
45,76,0,3,1
44,58,0,3,1
44,31,0,4,1
50,41,0,4,1
35,22,0,5,1
50,45,0,9,1
39,84,0,7,1
41,49,0,4,1
42,31,0,9,1
19,84,0,5,1
45,58,0,7,1
41,75,0,7,1
38,47,0,10,1
45,84,0,3,1
35,81,0,10,1
24,80,0,3,1
15,76,0,7,1
46,24,0,5,1
39,77,0,11,1
43,38,0,5,1
36,81,0,8,1
36,45,0,11,1
47,20,0,8,1
21,82,0,8,1
47,37,0,8,1
20,78,0,6,1
21,84,0,8,1
22,84,0,9,1
46,29,0,6,1
21,78,0,5,1
38,50,0,10,1
45,41,0,11,1
43,41,0,10,1
42,23,0,8,1
39,25,0,7,1
45,83,0,10,1
37,52,0,11,1
39,84,0,11,1
45,24,0,8,1
42,26,0,6,1
42,50,0,3,1
45,36,0,7,1
41,79,0,11,1
35,82,0,8,1
41,58,0,7,1
20,80,0,5,1
37,40,0,9,1
46,51,0,8,1
46,25,0,3,1
38,47,0,9,1
35,38,0,7,1
40,59,0,11,1
35,77,0,9,1
20,80,0,3,1
36,80,0,7,1
45,57,0,7,1
40,42,0,7,1
44,41,0,8,1
46,24,0,5,1
11,79,0,7,1
41,33,0,4,1
44,39,0,8,1
41,47,0,3,1
44,45,0,7,1
42,29,0,3,1
40,23,0,11,1
36,51,0,8,1
35,46,0,11,1
46,79,0,6,1
16,81,0,11,1
39,26,0,5,1
46,76,0,6,1
46,75,0,9,1
14,81,0,8,1
18,76,0,5,1
16,82,0,3,1
43,58,0,7,1
43,82,0,5,1
39,32,0,8,1
48,79,0,5,1
48,31,0,5,1
39,58,0,6,1
40,27,0,4,1
11,80,0,8,1
48,42,0,7,1
19,76,0,6,1
39,25,0,6,1
40,84,0,9,1
35,22,0,11,1
45,24,0,11,1
43,43,0,10,1
14,75,0,5,1
45,58,0,11,1
46,36,0,10,1
40,39,0,6,1
36,76,0,8,1
44,43,0,5,1
49,32,0,9,1
39,44,0,7,1
45,20,0,4,1
42,82,0,8,1
37,33,0,8,1
20,80,0,11,1
44,82,0,5,1
36,25,0,7,1
40,24,0,3,1
49,35,0,11,1
19,82,0,9,1
36,27,0,10,1
43,24,0,3,1
36,50,0,4,1
49,22,0,5,1
50,56,0,7,1
35,30,0,6,1
41,36,0,10,1
36,38,0,6,1
35,47,0,10,1
39,22,0,9,1
18,81,0,8,1
39,40,0,7,1
44,51,0,7,1
43,26,0,7,1
39,52,0,11,1
37,77,0,6,1
42,33,0,10,1
49,33,0,5,1
44,48,0,11,1
45,50,0,11,1
22,83,0,6,1
48,30,0,6,1
49,76,0,7,1
36,29,0,11,1
16,75,0,7,1
38,50,0,4,1
36,29,0,6,1
36,46,0,4,1
46,84,0,3,1
16,77,0,6,1
11,78,0,7,1
19,78,0,8,1
19,82,0,4,1
44,51,0,6,1
37,27,0,6,1
47,80,0,6,1
41,28,0,11,1
35,46,0,7,1
35,21,0,8,1
48,34,0,9,1
40,24,0,5,1
39,48,0,7,1
48,44,0,7,1
49,42,0,9,1
44,25,0,9,1
49,76,0,3,1
42,82,0,6,1
44,81,0,9,1
49,53,0,3,1
35,31,0,11,1
41,75,0,6,1
12,83,0,5,1
46,50,0,3,1
39,81,0,7,1
45,56,0,10,1
47,43,0,9,1
48,82,0,9,1
45,39,0,8,1
45,27,0,5,1
40,58,0,6,1
44,42,0,4,1
35,84,0,4,1
38,20,0,8,1
44,50,0,11,1
16,79,0,7,1
35,45,0,9,1
14,81,0,11,1
41,25,0,9,1
45,50,0,5,1
45,58,0,7,1
44,40,0,5,1
20,75,0,11,1
45,43,0,10,1
37,31,0,5,1
16,84,0,8,1
43,30,0,8,1
13,77,0,10,1
37,38,0,8,1
42,75,0,4,1
43,38,0,9,1
42,23,0,3,1
17,76,0,5,1
45,46,0,5,1
46,23,0,6,1
11,77,0,6,1
37,52,0,10,1
44,82,0,9,1
43,52,0,8,1
14,80,0,4,1
38,43,0,5,1
44,54,0,11,1
23,78,0,3,1
41,28,0,4,1
37,77,0,10,1
36,49,0,3,1
43,38,0,4,1
37,43,0,7,1
39,42,0,8,1
38,50,0,8,1
46,24,0,11,1
43,33,0,8,1
36,25,0,7,1
38,33,0,8,1
44,33,0,6,1
41,80,0,5,1
39,48,0,9,1
37,38,0,8,1
43,45,0,11,1
47,77,0,10,1
45,49,0,7,1
35,78,0,11,1
44,80,0,9,1
46,46,0,10,1
48,83,0,5,1
21,33,6,192,2
13,25,5,154,2
21,54,4,145,2
21,42,5,179,2
19,45,4,136,2
17,39,4,122,2
17,39,4,136,2
10,44,4,134,2
16,42,5,173,2
13,29,6,193,2
20,24,4,140,2
17,21,6,198,2
15,45,6,201,2
11,29,5,164,2
19,41,6,209,2
13,25,5,171,2
19,58,4,137,2
15,37,4,120,2
21,28,6,187,2
19,50,6,188,2
24,28,4,122,2
21,44,5,159,2
14,35,5,164,2
19,33,5,179,2
15,43,5,153,2
17,58,4,136,2
18,29,5,150,2
11,38,5,154,2
10,22,4,138,2
16,26,4,120,2
23,55,4,133,2
23,59,6,186,2
15,55,6,193,2
11,37,4,139,2
19,55,5,157,2
11,26,4,130,2
18,46,5,177,2
15,57,5,155,2
15,38,5,152,2
18,34,6,191,2
10,58,4,124,2
11,58,6,190,2
11,49,5,164,2
12,27,4,141,2
23,33,6,193,2
23,47,4,147,2
22,44,6,187,2
13,35,6,205,2
19,37,5,155,2
24,32,6,195,2
15,51,5,167,2
19,57,5,168,2
18,44,4,143,2
12,33,6,209,2
25,44,4,141,2
13,53,4,139,2
22,42,5,175,2
18,43,6,201,2
18,30,6,209,2
18,41,6,192,2
20,44,5,156,2
16,56,6,187,2
19,42,5,173,2
21,45,6,181,2
24,59,4,145,2
22,48,6,181,2
22,20,4,132,2
10,46,4,141,2
15,44,4,135,2
23,40,5,151,2
20,54,4,129,2
15,45,5,176,2
10,50,5,169,2
11,50,6,205,2
24,30,6,199,2
10,56,6,202,2
13,32,5,169,2
14,26,4,127,2
24,27,5,167,2
24,22,6,184,2
19,30,4,149,2
14,51,5,165,2
20,38,6,192,2
20,26,6,203,2
18,44,5,151,2
13,33,6,207,2
23,30,6,205,2
21,25,6,204,2
18,28,4,141,2
13,53,4,137,2
19,53,4,134,2
17,58,6,184,2
21,23,4,142,2
24,52,4,146,2
13,44,6,196,2
24,26,4,137,2
11,41,5,175,2
16,28,6,181,2
16,53,5,163,2
23,34,4,130,2
24,34,5,176,2
20,50,5,165,2
23,53,5,161,2
18,60,4,128,2
19,50,5,156,2
12,40,6,209,2
19,33,5,154,2
20,53,5,153,2
22,26,5,178,2
11,30,4,126,2
14,36,5,160,2
19,24,4,144,2
17,29,4,123,2
15,27,6,180,2
24,27,5,176,2
12,23,4,149,2
13,49,4,141,2
11,43,4,133,2
24,50,4,135,2
24,39,6,201,2
18,58,5,177,2
10,26,6,181,2
25,24,6,204,2
13,29,4,146,2
12,33,5,160,2
19,33,4,120,2
18,23,4,120,2
21,23,4,143,2
24,31,6,208,2
12,46,4,121,2
15,48,4,138,2
16,20,6,203,2
12,35,6,204,2
19,40,4,136,2
14,37,5,160,2
13,52,4,142,2
24,45,5,167,2
22,26,4,146,2
11,37,5,151,2
13,44,5,159,2
23,46,4,139,2
18,54,5,173,2
20,38,6,181,2
15,40,6,200,2
23,57,6,190,2
12,43,4,125,2
17,51,4,126,2
13,52,6,190,2
15,49,6,185,2
20,35,5,156,2
13,44,4,144,2
22,50,6,202,2
24,35,6,185,2
21,53,5,169,2
17,47,6,201,2
23,32,4,131,2
15,34,4,146,2
15,45,4,142,2
13,45,4,139,2
18,55,6,184,2
11,46,4,148,2
10,53,6,185,2
10,47,5,158,2
16,28,4,129,2
10,56,6,180,2
18,20,4,125,2
15,47,6,189,2
17,46,6,187,2
16,56,5,154,2
17,51,5,171,2
17,50,4,144,2
16,57,5,176,2
15,22,4,122,2
13,54,4,132,2
19,45,5,149,2
15,54,6,182,2
11,43,6,192,2
12,25,5,152,2
11,56,5,173,2
16,20,5,171,2
17,32,4,141,2
15,54,5,172,2
11,23,5,163,2
19,22,5,154,2
15,55,4,144,2
19,34,6,200,2
19,48,5,178,2
17,25,4,120,2
19,56,4,139,2
20,34,4,134,2
19,49,4,139,2
12,36,4,133,2
18,50,4,127,2
20,43,5,158,2
16,26,6,196,2
21,44,5,150,2
12,36,4,123,2
11,46,6,205,2
17,49,6,183,2
12,36,4,135,2
17,46,6,209,2
16,53,5,175,2
13,21,6,205,2
19,45,5,168,2
17,28,6,206,2
23,56,4,133,2
12,36,5,170,2
16,33,6,192,2
21,27,5,174,2
11,50,5,153,2
15,30,4,131,2
18,50,6,186,2
19,20,6,207,2
14,32,4,144,2
24,32,4,133,2
14,44,6,205,2
23,28,5,156,2
24,52,5,170,2
24,42,6,189,2
18,39,6,185,2
21,32,5,151,2
20,43,6,187,2
12,28,5,168,2
13,58,6,199,2
12,40,4,142,2
17,43,5,162,2
17,27,5,168,2
20,52,6,194,2
19,42,4,126,2
23,49,5,162,2
22,50,4,130,2
12,53,5,155,2
14,28,6,197,2
23,22,5,165,2
11,20,6,187,2
21,40,5,152,2
11,23,5,166,2
13,51,6,191,2
23,22,6,186,2
22,57,4,149,2
11,44,4,145,2
13,58,4,121,2
18,44,5,155,2
15,54,5,155,2
24,43,6,184,2
14,56,6,190,2
24,59,4,122,2
13,24,5,178,2
16,37,5,165,2
20,36,4,121,2
14,20,4,126,2
10,38,5,178,2
17,55,6,203,2
11,48,5,175,2
20,44,4,148,2
24,40,5,159,2
10,50,4,128,2
20,27,5,155,2
13,57,5,171,2
24,40,5,155,2
18,27,5,152,2
22,47,6,195,2
11,46,5,159,2
16,53,4,132,2
10,22,5,151,2
24,21,6,204,2
16,57,4,124,2
22,47,5,175,2
14,44,6,204,2
10,44,6,187,2
19,58,4,124,2
10,35,6,209,2
24,37,4,131,2
17,50,6,200,2
23,51,5,157,2
16,29,5,163,2
12,49,4,129,2
15,35,5,156,2
14,51,6,201,2
18,20,4,121,2
19,22,5,153,2
13,23,6,199,2
21,43,5,165,2
13,59,4,131,2
24,40,6,185,2
11,23,6,192,2
23,28,5,152,2
23,48,5,159,2
15,37,6,207,2
21,33,5,168,2
16,40,6,185,2
13,35,5,158,2
22,30,6,204,2
13,59,6,197,2
10,46,5,157,2
19,33,6,197,2
20,41,4,123,2
16,50,6,181,2
14,42,6,208,2
14,34,5,153,2
17,23,5,179,2
13,41,4,137,2
24,35,6,184,2
24,40,5,162,2
13,22,6,182,2
20,57,4,136,2
13,56,4,140,2
11,33,4,141,2
23,43,4,148,2
15,26,5,174,2
14,29,6,199,2
14,36,4,133,2
20,30,5,152,2
20,58,4,129,2
14,56,5,174,2
24,38,6,189,2
13,40,4,122,2
13,52,6,200,2
14,23,6,197,2
14,47,5,174,2
15,28,5,159,2
19,47,6,181,2
19,51,6,185,2
12,39,6,202,2
16,36,4,125,2
16,32,6,184,2
15,50,6,183,2
10,55,6,199,2
23,47,5,164,2
10,45,5,154,2
20,56,6,185,2
16,27,5,178,2
21,54,4,139,2
24,57,5,156,2
16,54,6,180,2
18,40,5,174,2
20,30,6,190,2
10,56,6,196,2
16,55,5,178,2
19,36,5,174,2
12,51,4,125,2
20,23,4,133,2
12,50,4,140,2
22,21,5,172,2
24,50,6,188,2
19,29,5,175,2
18,30,4,146,2
25,40,4,143,2
22,36,5,161,2
18,29,4,129,2
17,58,4,138,2
10,41,6,188,2
22,22,6,200,2
12,44,5,161,2
10,32,5,175,2
16,28,6,183,2
13,42,5,156,2
12,59,5,162,2
22,29,5,167,2
21,22,6,191,2
12,29,6,187,2
22,35,4,147,2
10,21,4,138,2
17,43,4,144,2
18,52,5,171,2
12,25,4,127,2
21,22,5,167,2
23,26,5,162,2
16,35,6,184,2
19,45,6,197,2
10,29,5,150,2
23,37,6,190,2
17,39,5,150,2
17,39,6,180,2
11,49,5,161,2
19,24,4,147,2
14,28,5,170,2
14,27,6,192,2
12,20,4,144,2
21,25,6,205,2
20,42,5,178,2
22,27,6,192,2
24,56,4,120,2
22,45,6,207,2
13,55,5,171,2
11,50,5,156,2
16,25,5,159,2
18,43,6,187,2
23,57,5,154,2
20,28,6,191,2
19,40,5,174,2
19,27,6,192,2
19,59,4,123,2
14,54,5,161,2
16,40,5,150,2
14,39,4,148,2
22,40,6,180,2
14,38,6,180,2
23,52,5,153,2
18,55,6,193,2
24,41,4,120,2
15,52,6,187,2
23,41,5,167,2
20,41,6,191,2
13,38,6,196,2
14,26,6,204,2
19,40,6,188,2
13,21,5,166,2
13,30,6,199,2
18,40,4,127,2
10,54,6,192,2
24,26,4,134,2
24,44,6,199,2
24,59,6,186,2
17,45,6,186,2
19,21,6,189,2
21,22,4,124,2
24,46,5,157,2
15,55,6,208,2
23,32,4,145,2
22,33,5,153,2
16,46,4,129,2
20,23,4,123,2
15,28,4,126,2
21,42,6,183,2
20,34,6,185,2
14,21,6,184,2
18,49,4,137,2
11,37,4,129,2
21,30,5,159,2
25,57,4,133,2
15,57,4,133,2
13,42,4,120,2
13,35,6,185,2
15,55,6,187,2
21,25,4,134,2
14,32,4,131,2
25,52,5,161,2
18,43,4,135,2
20,49,6,194,2
25,48,5,156,2
19,53,6,185,2
10,53,5,178,2
10,59,4,131,2
14,51,5,165,2
16,59,6,200,2
13,58,5,178,2
12,42,5,152,2
11,32,6,208,2
24,21,4,121,2
13,24,4,138,2
12,34,6,209,2
25,59,4,128,2
23,40,4,136,2
11,21,4,124,2
22,59,4,125,2
21,51,6,193,2
23,44,6,203,2
24,56,6,199,2
11,52,5,164,2
23,56,6,199,2
16,22,4,130,2
11,31,6,183,2
25,34,6,191,2
20,44,6,189,2
17,20,6,202,2
21,49,6,207,2
16,44,5,171,2
22,59,5,162,2
13,40,4,130,2
21,43,5,172,2
15,59,4,141,2
18,39,6,196,2
16,33,6,208,2
11,22,4,126,2
14,40,4,120,2
24,49,5,161,2
22,39,5,153,2
10,43,6,204,2
18,41,6,198,2
14,50,6,208,2
18,46,6,194,2
17,31,5,169,2
24,53,6,196,2
11,53,4,128,2
14,34,6,204,2
21,51,6,181,2
16,46,6,192,2
19,31,5,168,2
16,38,6,203,2
23,49,5,175,2
14,29,6,201,2
13,48,4,132,2
17,50,6,186,2
11,43,5,158,2
24,29,5,169,2
16,36,5,166,2
12,33,4,139,2
10,46,6,204,2
17,59,4,142,2
19,53,4,120,2
15,34,6,207,2
11,36,6,188,2
18,45,5,156,2
16,55,5,161,2
20,48,6,205,2
22,52,5,172,2
21,57,4,123,2
13,29,4,138,2
11,34,5,172,2
15,32,6,182,2
22,29,6,198,2
11,58,5,167,2
16,59,5,157,2
12,53,4,131,2
15,53,6,204,2
15,58,5,164,2
24,58,5,165,2
18,40,6,199,2
16,26,5,178,2
22,49,5,156,2
21,26,6,189,2
15,48,5,166,2
18,20,6,194,2
25,46,5,174,2
14,42,6,201,2
24,54,4,129,2
11,25,4,130,2
18,47,5,166,2
14,36,5,153,2
18,54,6,187,2
15,47,4,124,2
11,37,6,193,2
13,25,4,133,2
10,46,4,123,2
16,31,6,189,2
10,34,5,150,2
12,28,5,159,2
23,49,4,130,2
13,51,5,175,2
15,25,6,202,2
13,54,6,197,2
20,44,4,139,2
11,42,5,158,2
19,52,5,173,2
20,31,5,176,2
13,47,6,205,2
23,53,4,121,2
19,22,4,124,2
18,36,5,166,2
13,37,4,130,2
10,44,4,144,2
17,47,5,152,2
19,53,4,130,2
11,38,4,135,2
18,42,5,179,2
10,47,6,194,2
20,47,4,122,2
10,47,6,186,2
16,37,5,156,2
18,47,5,168,2
10,52,4,126,2
18,52,4,126,2
10,34,6,201,2
17,53,4,131,2
18,31,6,182,2
19,24,4,149,2
16,29,5,154,2
12,52,5,152,2
15,30,5,165,2
16,41,5,162,2
13,52,4,139,2
19,26,5,151,2
20,38,5,159,2
13,25,6,188,2
13,44,6,191,2
17,42,5,174,2
24,25,5,151,2
12,49,5,150,2
19,27,5,170,2
19,56,5,175,2
23,26,4,139,2
15,42,4,141,2
14,29,4,127,2
15,55,6,197,2
16,30,4,141,2
13,44,5,169,2
18,52,6,194,2
21,55,4,125,2
10,54,5,155,2
19,29,4,123,2
16,21,5,167,2
10,33,5,174,2
11,34,5,162,2
19,43,5,158,2
21,38,4,126,2
21,32,6,187,2
14,28,6,201,2
19,28,6,192,2
24,59,5,168,2
15,55,5,151,2
23,29,6,205,2
16,23,4,120,2
20,55,5,158,2
22,30,6,180,2
22,55,6,182,2
20,29,5,164,2
10,28,6,200,2
24,22,5,157,2
23,47,4,139,2
11,55,6,203,2
24,24,6,184,2
11,21,5,179,2
14,41,5,154,2
17,59,6,187,2
25,46,5,173,2
23,21,6,205,2
17,38,4,122,2
13,58,4,140,2
17,43,6,189,2
22,24,5,151,2
24,30,6,207,2
14,23,5,157,2
10,46,6,189,2
22,32,5,173,2
16,46,5,172,2
23,57,4,132,2
24,59,5,169,2
21,53,5,168,2
15,24,5,177,2
18,43,4,148,2
16,57,6,183,2
23,48,4,128,2
22,29,5,159,2
12,33,4,130,2
17,43,6,204,2
22,41,6,184,2
13,52,4,134,2
12,53,6,183,2
20,42,4,135,2
12,33,5,164,2
12,35,5,176,2
14,20,6,190,2
18,24,6,183,2
18,28,5,175,2
19,32,5,150,2
18,25,4,120,2
21,40,5,179,2
22,52,5,157,2
22,30,6,184,2
18,23,6,208,2
10,46,5,173,2
17,46,4,124,2
13,57,4,123,2
14,54,5,160,2
18,34,6,189,2
11,38,4,121,2
10,53,5,164,2
23,46,5,178,2
12,28,6,183,2
10,48,5,165,2
18,40,6,206,2
14,40,4,127,2
16,47,5,157,2
12,44,4,147,2
18,58,6,187,2
14,53,4,140,2
15,20,6,199,2
11,42,4,137,2
14,52,5,160,2
16,27,6,197,2
16,38,6,201,2
14,22,4,121,2
19,33,4,138,2
10,48,5,155,2
13,42,4,143,2
22,22,5,163,2
20,59,5,168,2
12,58,4,130,2
12,48,4,141,2
22,59,5,161,2
20,58,6,192,2
13,53,5,163,2
18,53,6,196,2
17,38,6,195,2
23,59,4,144,2
11,36,5,177,2
10,53,5,162,2
18,41,5,152,2
11,56,5,154,2
20,44,6,181,2
21,38,6,190,2
23,51,4,120,2
12,43,6,185,2
22,30,6,204,2
15,28,6,197,2
20,41,4,126,2
15,34,4,149,2
18,23,5,153,2
18,36,6,206,2
13,41,5,150,2
15,33,4,126,2
18,24,6,207,2
24,39,6,191,2
23,50,5,163,2
21,58,6,190,2
20,27,6,201,2
22,51,6,194,2
12,53,6,198,2
24,30,4,143,2
19,41,6,199,2
16,47,5,157,2
16,48,5,154,2
21,26,5,176,2
15,54,6,204,2
13,58,4,127,2
10,31,5,174,2
19,47,4,146,2
13,30,4,130,2
14,33,5,175,2
18,57,5,163,2
20,29,4,131,2
13,36,4,122,2
18,47,4,147,2
14,44,4,122,2
10,47,6,187,2
21,45,6,195,2
10,40,4,143,2
11,53,5,164,2
12,42,4,142,2
17,50,6,192,2
20,21,5,150,2
16,50,4,126,2
22,57,6,206,2
23,28,5,179,2
12,27,4,143,2
23,30,4,144,2
14,59,6,180,2
23,30,4,137,2
11,40,5,150,2
21,51,5,173,2
15,35,4,121,2
22,20,6,189,2
24,44,5,173,2
15,51,5,170,2
12,31,5,176,2
23,22,6,186,2
10,34,6,189,2
15,54,6,186,2
14,50,6,204,2
16,51,6,208,2
14,49,5,167,2
20,21,5,170,2
18,38,6,185,2
20,42,4,143,2
14,40,4,131,2
15,21,4,121,2
17,48,6,182,2
24,21,6,208,2
17,50,4,139,2
12,28,6,181,2
18,30,6,201,2
21,41,5,168,2
23,45,6,187,2
15,30,4,134,2
17,29,4,120,2
11,27,4,131,2
10,28,4,144,2
18,50,4,124,2
11,40,4,140,2
16,45,6,202,2
22,34,6,183,2
20,56,5,152,2
20,45,5,160,2
23,33,4,141,2
12,27,6,185,2
16,48,5,161,2
10,28,4,122,2
15,43,6,195,2
18,30,5,150,2
17,25,5,163,2
20,33,6,186,2
21,28,6,200,2
23,37,6,203,2
12,34,4,141,2
11,32,6,205,2
10,53,5,157,2
15,45,6,184,2
10,43,5,151,2
19,27,5,153,2
20,51,6,186,2
24,44,6,180,2
17,46,5,154,2
21,44,6,208,2
21,31,4,126,2
14,35,6,193,2
23,35,4,146,2
10,57,4,148,2
21,44,4,148,2
13,46,5,152,2
13,55,5,179,2
22,49,6,191,2
15,31,6,208,2
12,35,4,140,2
12,23,4,145,2
19,55,5,175,2
23,42,5,179,2
14,44,5,156,2
22,46,6,195,2
14,20,4,134,2
22,27,5,179,2
19,58,5,166,2
20,53,5,154,2
14,37,6,184,2
10,27,6,181,2
14,53,5,166,2
24,35,5,155,2
11,37,5,172,2
12,22,6,208,2
21,52,6,186,2
22,24,6,208,2
10,32,4,139,2
10,40,5,161,2
16,52,5,154,2
19,45,5,160,2
14,54,6,186,2
19,57,5,159,2
22,57,4,135,2
24,32,4,130,2
21,44,6,209,2
24,56,6,183,2
13,56,6,189,2
13,49,5,155,2
20,39,5,155,2
12,47,4,123,2
20,34,4,139,2
17,39,5,171,2
24,55,4,135,2
22,50,4,138,2
25,53,4,133,2
14,53,6,189,2
23,53,4,145,2
11,36,5,153,2
23,27,6,190,2
16,20,6,182,2
11,36,4,127,2
17,47,4,127,2
22,27,6,184,2
10,33,4,147,2
15,58,4,135,2
10,54,6,204,2
14,51,6,183,2
18,48,6,195,2
12,49,5,170,2
12,37,4,149,2
14,37,4,143,2
14,56,4,128,2
15,49,6,199,2
19,32,6,186,2
20,49,4,129,2
13,29,4,148,2
19,30,5,157,2
15,36,4,136,2
18,57,5,170,2
19,27,6,195,2
17,49,6,203,2
20,29,4,123,2
11,39,6,208,2
11,30,5,149,2
23,22,6,181,2
11,57,5,174,2
15,26,6,185,2
23,58,6,195,2
20,22,5,155,2
10,42,4,140,2
18,30,5,177,2
22,28,6,202,2
15,20,5,153,2
22,41,6,180,2
17,30,4,135,2
15,59,4,149,2
16,42,6,190,2
24,24,6,185,2
24,58,6,201,2
11,32,4,139,2
21,46,4,132,2
12,24,5,167,2
14,55,4,133,2
22,38,4,128,2
17,35,4,141,2
18,56,5,166,2
16,37,5,163,2
18,57,5,179,2
17,53,4,139,2
15,38,5,164,2
18,38,6,204,2
24,37,4,148,2
19,29,5,154,2
16,36,5,151,2
10,39,6,200,2
11,21,5,151,2
11,31,5,176,2
10,25,5,179,2
13,35,5,172,2
11,42,5,165,2
12,46,6,199,2
21,45,5,178,2
21,39,5,176,2
20,26,5,161,2
17,36,6,207,2
12,53,5,160,2
25,57,6,197,2
10,51,5,179,2
24,54,5,169,2
11,20,6,208,2
17,33,6,207,2
10,51,4,140,2
22,55,5,166,2
18,47,5,162,2
16,40,6,190,2
19,22,6,208,2
10,57,4,129,2
15,37,5,173,2
16,58,6,187,2
24,29,5,155,2
21,43,6,190,2
10,39,4,138,2
19,43,5,170,2
17,44,5,164,2
15,33,5,178,2
14,26,4,138,2
11,30,5,157,2
24,26,6,191,2
14,40,5,165,2
15,39,6,202,2
11,22,4,129,2
10,25,6,208,2
12,59,5,153,2
22,27,6,200,2
16,53,6,206,2
16,39,6,184,2
17,55,4,121,2
11,42,6,206,2
24,55,6,203,2
24,57,6,190,2
14,38,4,148,2
18,38,5,156,2
19,25,6,204,2
15,57,5,178,2
19,39,5,170,2
12,27,4,122,2
10,41,4,123,2
16,34,5,166,2
10,20,5,169,2
12,28,4,144,2
17,35,6,197,2
21,25,5,176,2
13,27,4,136,2
19,39,6,186,2
14,56,6,188,2
21,34,4,148,2
20,43,6,196,2
18,32,4,139,2
19,37,6,196,2
11,54,6,205,2
18,21,6,201,2
24,32,4,128,2
22,46,4,133,2
10,26,6,185,2
16,59,5,149,2
13,59,5,156,2
21,55,4,143,2
21,30,5,171,2
18,25,6,185,2
23,39,4,140,2
20,23,4,127,2
20,24,4,147,2
24,36,5,179,2
22,60,5,166,2
15,32,6,188,2
12,26,5,158,2
14,58,4,136,2
14,29,6,202,2
12,45,5,156,2
21,53,5,153,2
13,22,6,208,2
19,59,6,203,2
17,35,6,182,2
23,49,6,186,2
19,35,6,202,2
11,25,5,179,2
15,34,5,171,2
20,41,5,160,2
12,23,6,191,2
17,30,6,181,2
13,22,6,191,2
24,37,4,144,2
12,26,4,132,2
16,41,5,170,2
16,39,5,177,2
14,59,6,199,2
24,56,4,147,2
21,46,4,144,2
24,44,5,172,2
18,41,6,198,2
11,27,5,171,2
23,58,4,148,2
17,47,4,122,2
14,38,6,200,2
16,20,5,150,2
16,25,6,202,2
15,29,5,160,2
12,24,6,184,2
24,31,5,157,2
18,38,5,163,2
12,56,6,183,2
16,36,4,134,2
18,20,5,152,2
23,46,6,184,2
12,56,5,158,2
11,44,4,142,2
20,41,5,177,2
15,57,4,142,2
23,21,5,165,2
23,49,4,122,2
21,31,5,172,2
13,46,4,146,2
20,50,5,152,2
18,34,6,182,2
15,54,5,165,2
20,50,5,170,2
14,31,5,172,2
11,30,5,167,2
14,30,4,141,2
17,52,5,163,2
18,59,4,121,2
14,48,5,153,2
11,44,6,192,2
17,31,5,165,2
14,57,4,139,2
12,29,6,195,2
19,27,5,152,2
16,30,4,135,2
24,32,6,185,2
18,53,5,156,2
10,55,6,180,2
12,56,4,146,2
22,23,5,156,2
11,50,4,138,2
12,29,6,181,2
14,52,5,179,2
22,23,4,144,2
23,25,5,171,2
11,53,6,180,2
10,21,5,167,2
16,46,5,172,2
15,31,4,133,2
23,47,5,151,2
18,42,4,122,2
13,36,6,180,2
16,46,5,179,2
12,32,4,145,2
16,46,6,190,2
24,30,5,169,2
21,33,4,137,2
12,51,4,135,2
10,28,6,200,2
17,24,6,183,2
22,44,5,153,2
16,41,4,142,2
19,33,5,160,2
22,30,5,158,2
10,43,5,178,2
20,20,5,171,2
17,22,6,190,2
10,22,6,188,2
15,32,6,180,2
10,39,6,190,2
18,30,4,148,2
17,27,6,184,2
20,38,4,148,2
20,35,5,152,2
13,59,4,138,2
10,57,5,171,2
24,22,4,130,2
12,44,6,183,2
21,20,4,127,2
22,46,4,127,2
17,21,6,185,2
17,27,5,160,2
22,50,4,133,2
23,29,6,209,2
11,56,4,139,2
10,21,5,168,2
21,49,4,149,2
10,42,4,137,2
21,40,5,169,2
21,24,4,148,2
24,48,6,190,2
21,20,5,177,2
14,28,4,132,2
12,30,5,162,2
24,30,4,124,2
16,56,6,208,2
15,52,5,173,2
18,41,4,126,2
10,47,5,175,2
22,23,5,168,2
25,56,6,200,2
22,43,5,171,2
14,57,5,156,2
24,32,6,182,2
18,28,6,180,2
10,44,5,166,2
22,28,4,127,2
24,56,5,177,2
23,51,4,127,2
16,39,5,169,2
17,40,4,137,2
23,33,5,173,2
15,46,4,138,2
14,36,6,194,2
19,43,6,202,2
13,34,6,201,2
15,57,4,145,2
12,42,4,135,2
20,24,4,141,2
23,50,5,160,2
18,59,5,150,2
23,43,5,151,2
15,38,5,174,2
24,38,6,205,2
22,42,6,208,2
15,23,6,206,2
13,45,6,202,2
23,25,6,186,2
13,59,5,163,2
23,31,5,174,2
21,40,5,168,2
11,33,6,188,2
14,52,5,152,2
15,30,4,146,2
15,29,6,195,2
24,59,4,121,2
19,23,6,197,2
24,43,5,164,2
21,41,6,183,2
22,22,5,169,2
11,37,6,185,2
14,34,6,185,2
11,34,5,168,2
15,47,5,163,2
23,40,6,198,2
24,34,5,155,2
14,22,6,204,2
10,48,4,144,2
12,42,4,143,2
20,31,6,203,2
18,24,6,194,2
16,55,6,187,2
20,41,5,164,2
19,53,5,175,2
14,30,5,157,2
23,40,4,120,2
15,57,4,134,2
10,47,6,180,2
19,58,5,172,2
21,51,4,138,2
18,47,5,175,2
15,46,6,194,2
23,50,5,170,2
17,37,6,197,2
15,57,6,182,2
16,47,4,124,2
12,59,6,209,2
23,24,4,134,2
16,54,5,165,2
20,39,4,120,2
15,46,4,144,2
12,33,6,208,2
14,37,5,168,2
22,21,5,150,2
20,33,6,196,2
18,59,4,121,2
16,49,5,151,2
12,44,4,131,2
13,35,4,135,2
18,47,5,158,2
18,51,5,176,2
19,48,4,137,2
17,46,4,124,2
15,47,4,122,2
22,54,5,159,2
16,28,4,147,2
11,56,5,160,2
15,48,6,200,2
24,40,5,155,2
12,20,5,169,2
10,39,4,146,2
15,25,4,124,2
20,33,6,200,2
14,38,5,153,2
21,54,6,205,2
10,26,6,194,2
14,36,6,186,2
16,56,5,166,2
10,25,5,167,2
19,36,5,150,2
19,56,4,125,2
10,35,5,158,2
17,53,6,191,2
10,53,6,180,2
11,20,5,160,2
23,49,5,168,2
24,31,4,130,2
13,30,5,177,2
23,23,5,156,2
14,33,4,123,2
12,51,5,155,2
24,59,5,172,2
12,42,6,208,2
14,46,6,190,2
21,50,6,196,2
15,56,6,199,2
21,49,4,148,2
10,28,6,190,2
21,54,4,127,2
21,27,6,199,2
11,58,4,133,2
14,23,5,151,2
23,46,6,209,2
19,57,5,153,2
24,30,6,207,2
11,39,5,151,2
20,59,4,140,2
16,41,6,203,2
14,47,4,120,2
10,25,5,163,2
18,25,6,191,2
16,28,5,178,2
14,46,5,161,2
12,54,6,192,2
22,44,4,148,2
22,20,4,144,2
13,46,4,127,2
11,37,4,131,2
22,24,5,171,2
20,40,6,180,2
24,41,4,138,2
13,56,4,120,2
24,54,5,166,2
22,27,5,149,2
17,47,6,188,2
21,21,6,181,2
10,57,4,132,2
21,46,4,143,2
24,56,6,199,2
13,37,5,152,2
11,23,6,202,2
18,60,5,174,2
19,29,6,201,2
24,44,5,163,2
19,30,6,197,2
11,59,5,157,2
16,22,4,139,2
22,49,6,187,2
20,51,5,152,2
12,33,6,185,2
13,26,5,170,2
12,21,4,123,2
16,51,4,143,2
13,55,6,209,2
13,58,6,197,2
19,32,4,133,2
13,53,4,123,2
16,56,4,137,2
18,56,6,196,2
13,38,6,202,2
10,52,6,195,2
17,50,5,161,2
24,26,6,187,2
16,38,5,169,2
24,29,5,156,2
12,39,4,136,2
15,44,6,207,2
16,42,4,129,2
14,48,5,155,2
23,20,6,194,2
14,45,4,127,2
10,27,6,185,2
17,48,4,143,2
18,22,6,207,2
15,58,5,156,2
17,30,5,170,2
18,23,5,155,2
11,22,6,188,2
23,21,6,191,2
15,53,5,156,2
12,23,5,177,2
10,31,5,157,2
15,26,6,184,2
14,56,6,204,2
15,44,6,199,2
24,58,4,124,2
23,56,5,158,2
19,26,6,185,2
14,50,4,138,2
19,40,4,137,2
16,44,4,144,2
16,39,6,204,2
13,39,5,155,2
15,44,6,194,2
18,38,6,191,2
21,48,5,175,2
12,23,4,123,2
12,41,4,130,2
18,44,4,140,2
16,54,4,125,2
18,36,5,158,2
10,34,4,137,2
24,38,5,177,2
19,28,4,131,2
21,34,4,124,2
17,35,6,194,2
19,40,5,157,2
13,36,6,180,2
10,21,6,208,2
20,54,4,130,2
15,52,4,121,2
19,36,6,193,2
24,40,6,204,2
19,37,5,171,2
19,28,6,200,2
14,36,5,175,2
19,26,5,171,2
11,36,6,206,2
21,41,4,122,2
21,50,6,183,2
23,56,4,138,2
17,33,4,138,2
22,39,5,177,2
10,44,5,158,2
24,57,5,166,2
19,54,5,163,2
15,59,5,158,2
20,23,5,171,2
21,45,6,195,2
19,44,6,180,2
20,56,5,159,2
24,59,6,187,2
11,59,6,184,2
12,30,5,170,2
15,34,5,160,2
19,37,6,180,2
21,39,4,148,2
25,57,6,202,2
12,42,6,180,2
16,24,4,148,2
12,28,5,175,2
17,37,4,142,2
10,47,5,169,2
23,36,4,131,2
22,27,5,164,2
11,52,6,183,2
21,54,6,195,2
14,54,5,164,2
10,49,4,147,2
21,47,5,160,2
24,22,4,136,2
10,23,4,136,2
22,36,6,208,2
12,29,5,165,2
17,40,6,209,2
13,45,4,132,2
22,27,6,206,2
12,56,5,174,2
20,33,4,144,2
17,29,6,182,2
18,28,5,150,2
10,59,4,145,2
13,56,6,203,2
11,50,4,125,2
17,21,5,163,2
16,30,5,155,2
13,33,5,158,2
16,56,6,203,2
12,30,5,162,2
14,53,5,168,2
15,53,4,140,2
13,43,5,156,2
13,34,5,156,2
15,44,5,166,2
21,48,6,197,2
18,24,6,190,2
24,22,5,170,2
21,40,5,168,2
10,42,6,180,2
17,48,4,142,2
13,59,6,200,2
24,32,4,124,2
17,52,5,157,2
17,57,6,188,2
16,28,6,188,2
23,45,6,194,2
12,36,5,162,2
19,36,6,195,2
16,56,6,189,2
17,27,6,182,2
22,54,4,128,2
11,26,4,136,2
22,25,5,173,2
17,20,6,182,2
14,57,4,123,2
16,38,5,179,2
14,56,5,163,2
17,28,4,149,2
11,25,4,140,2
18,50,4,122,2
18,33,6,183,2
24,25,4,133,2
24,51,5,165,2
11,54,5,172,2
15,31,5,175,2
15,26,5,178,2
17,34,5,162,2
14,20,6,188,2
19,21,5,175,2
20,57,5,169,2
19,31,5,160,2
10,47,6,192,2
10,56,5,162,2
17,22,6,190,2
22,25,4,128,2
23,56,6,191,2
22,47,5,152,2
15,46,4,121,2
12,59,6,188,2
23,58,6,206,2
24,44,6,201,2
12,35,5,154,2
14,57,6,181,2
24,57,6,194,2
24,45,6,209,2
15,54,6,191,2
15,33,6,194,2
19,52,4,124,2
18,55,4,134,2
21,36,5,168,2
21,54,4,141,2
22,53,5,169,2
13,31,4,133,2
16,56,4,136,2
19,43,5,164,2
14,41,4,128,2
24,29,5,178,2
17,27,6,204,2
16,45,6,198,2
10,54,4,143,2
11,54,5,165,2
21,35,5,174,2
12,29,5,152,2
15,24,5,166,2
21,24,4,148,2
19,53,5,175,2
15,35,5,178,2
18,21,4,144,2
16,44,4,137,2
11,40,4,129,2
21,31,6,191,2
14,42,4,120,2
15,54,4,126,2
12,30,4,137,2
10,40,5,170,2
15,49,5,175,2
17,36,4,140,2
19,31,5,158,2
24,42,4,143,2
17,28,4,139,2
23,43,5,165,2
23,56,6,190,2
13,43,4,128,2
13,39,6,189,2
22,51,4,141,2
19,33,5,157,2
23,51,4,132,2
16,40,4,140,2
11,24,5,175,2
20,24,4,126,2
14,26,4,124,2
16,35,5,179,2
17,30,5,162,2
12,33,6,182,2
15,34,4,136,2
21,54,6,182,2
12,27,5,164,2
20,22,6,190,2
16,45,6,184,2
17,48,5,151,2
19,40,6,191,2
11,55,4,146,2
19,42,4,129,2
21,39,6,179,2
22,29,6,191,2
23,26,4,134,2
15,29,4,147,2
19,55,4,132,2
21,36,6,182,2
16,57,5,154,2
24,48,5,175,2
11,45,4,134,2
24,35,4,124,2
21,35,5,159,2
23,22,4,144,2
14,42,6,186,2
21,22,5,158,2
14,47,5,166,2
15,38,6,183,2
16,32,4,126,2
13,53,5,171,2
15,30,6,196,2
14,43,4,122,2
12,35,4,139,2
18,50,5,167,2
12,45,6,206,2
14,25,4,144,2
23,27,6,205,2
22,37,4,131,2
18,28,6,204,2
11,36,4,147,2
12,26,4,148,2
17,44,5,158,2
12,27,4,144,2
16,35,6,201,2
19,25,5,150,2
13,54,4,149,2
11,29,4,149,2
20,43,6,191,2
24,54,5,173,2
22,42,6,184,2
16,59,5,154,2
10,25,5,165,2
17,22,4,135,2
19,53,4,139,2
23,47,5,158,2
11,48,5,161,2
14,50,5,163,2
16,23,4,121,2
12,25,4,123,2
11,22,6,187,2
13,59,5,153,2
11,50,6,208,2
11,55,5,162,2
11,49,4,137,2
12,21,4,147,2
17,49,6,186,2
10,59,6,207,2
19,54,5,175,2
23,37,5,156,2
10,45,6,182,2
21,52,4,135,2
18,25,6,180,2
23,22,6,183,2
16,51,6,187,2
18,51,5,156,2
10,50,4,141,2
10,31,6,199,2
14,58,5,160,2
20,20,6,204,2
11,22,6,204,2
20,49,4,143,2
23,45,4,146,2
11,44,5,164,2
10,27,4,148,2
24,49,5,174,2
11,20,5,157,2
15,28,4,129,2
23,34,4,121,2
23,59,4,131,2
11,48,6,181,2
22,40,5,161,2
18,37,6,180,2
15,32,5,179,2
15,57,6,205,2
21,26,6,197,2
15,40,4,147,2
18,35,4,134,2
16,43,5,158,2
15,22,6,183,2
22,24,5,155,2
17,21,5,162,2
20,34,5,158,2
24,21,5,160,2
14,27,5,170,2
10,37,6,187,2
18,24,4,138,2
16,52,5,177,2
17,41,6,181,2
11,47,6,206,2
10,45,5,156,2
14,52,4,136,2
13,55,5,152,2
10,50,6,190,2
23,43,5,155,2
16,40,5,159,2
21,49,5,172,2
22,44,6,207,2
15,27,5,166,2
12,22,5,163,2
15,41,5,156,2
23,24,5,178,2
19,48,5,149,2
21,54,4,135,2
24,31,6,209,2
23,52,6,209,2
17,21,5,156,2
15,41,6,201,2
10,22,6,185,2
18,28,5,170,2
19,45,6,200,2
22,20,5,173,2
22,37,6,189,2
19,58,4,125,2
21,46,5,178,2
16,25,4,136,2
20,59,5,157,2
20,39,4,144,2
17,36,4,133,2
14,55,4,124,2
18,41,4,120,2
21,57,4,132,2
19,55,4,138,2
14,23,6,193,2
18,58,5,160,2
23,28,6,206,2
19,31,5,159,2
18,32,5,164,2
11,40,5,153,2
21,57,6,193,2
13,20,4,128,2
21,57,4,127,2
15,52,4,138,2
16,57,4,149,2
18,29,6,208,2
19,38,5,167,2
22,28,4,145,2
14,22,6,204,2
18,26,6,183,2
12,42,6,191,2
18,52,6,186,2
16,31,5,164,2
16,40,5,178,2
22,53,5,175,2
10,28,4,134,2
23,20,6,185,2
14,25,5,159,2
10,21,4,147,2
20,50,6,206,2
23,53,5,175,2
11,27,6,187,2
16,52,4,132,2
24,38,5,165,2
24,52,6,200,2
22,42,6,197,2
23,48,5,178,2
16,57,6,196,2
22,38,5,151,2
18,56,4,135,2
21,40,6,208,2
16,55,4,128,2
21,47,6,193,2
24,31,5,175,2
23,50,5,171,2
21,41,5,152,2
10,48,4,132,2
13,22,5,171,2
15,37,6,197,2
16,51,6,192,2
15,56,5,163,2
21,22,6,198,2
17,44,4,120,2
24,59,5,170,2
23,52,4,129,2
17,55,4,131,2
13,29,4,123,2
15,22,4,149,2
22,54,4,139,2
12,44,6,191,2
13,49,6,184,2
13,31,5,171,2
18,25,6,201,2
24,21,5,175,2
19,29,4,136,2
16,25,6,180,2
20,52,5,156,2
19,35,5,161,2
20,27,4,133,2
15,46,6,205,2
21,51,6,205,2
13,36,6,198,2
17,47,4,130,2
19,26,4,146,2
15,22,5,173,2
21,36,5,176,2
22,37,5,158,2
18,33,6,181,2
16,48,5,169,2
18,26,6,208,2
21,22,5,155,2
10,23,4,148,2
18,36,6,201,2
12,47,5,168,2
18,41,5,167,2
13,37,4,145,2
10,39,5,177,2
10,37,4,130,2
21,29,5,152,2
11,22,5,172,2
16,26,4,132,2
15,37,4,145,2
13,38,6,203,2
13,35,5,154,2
10,39,5,175,2
24,39,5,152,2
24,30,5,157,2
10,52,6,181,2
24,23,4,136,2
14,52,5,152,2
19,53,4,125,2
12,30,6,201,2
20,36,6,181,2
16,35,4,138,2
14,52,4,140,2
12,36,6,180,2
22,48,6,193,2
18,37,4,145,2
20,20,4,147,2
19,32,4,122,2
17,25,4,135,2
16,40,4,138,2
10,29,5,174,2
17,45,6,198,2
23,37,6,185,2
20,21,5,176,2
18,42,6,181,2
19,29,5,150,2
17,53,4,142,2
16,38,4,121,2
10,32,6,180,2
23,46,4,141,2
21,47,4,143,2
24,29,5,159,2
21,40,6,180,2
16,59,6,203,2
17,48,4,144,2
16,55,4,149,2
20,39,6,195,2
21,52,4,148,2
24,27,6,203,2
23,46,4,133,2
17,47,4,122,2
21,30,6,182,2
15,26,5,166,2
21,47,4,146,2
11,47,4,136,2
12,56,6,208,2
13,40,4,147,2
24,38,4,140,2
16,58,4,135,2
22,34,4,149,2
15,52,4,149,2
22,47,4,121,2
18,55,6,205,2
24,30,6,195,2
10,23,6,195,2
12,23,6,196,2
15,58,4,134,2
14,40,6,199,2
19,37,6,200,2
23,26,6,183,2
20,23,6,180,2
13,36,5,163,2
16,21,6,208,2
21,31,5,166,2
24,46,4,145,2
15,53,5,165,2
11,58,5,177,2
16,20,5,169,2
21,29,6,194,2
18,23,4,148,2
22,52,4,147,2
16,21,5,164,2
20,31,4,130,2
12,21,5,167,2
22,40,5,164,2
13,32,4,124,2
20,27,5,174,2
24,21,5,165,2
14,49,4,147,2
23,37,5,160,2
13,39,4,147,2
11,27,6,206,2
24,52,6,206,2
15,47,4,129,2
11,49,6,200,2
13,47,5,175,2
14,56,6,190,2
21,40,6,200,2
22,44,6,208,2
20,22,4,130,2
13,26,5,164,2
21,34,5,151,2
16,52,5,178,2
22,25,6,182,2
18,22,5,154,2
16,53,4,143,2
19,50,5,158,2
21,36,5,167,2
15,47,4,145,2
12,33,5,177,2
11,30,6,182,2
17,42,6,193,2
18,53,5,169,2
14,50,5,154,2
14,44,5,162,2
20,52,5,172,2
15,50,5,179,2
20,57,6,198,2
14,27,4,128,2
15,23,6,184,2
24,29,6,193,2
12,52,5,174,2
20,50,4,122,2
19,32,6,194,2
12,37,5,178,2
20,30,5,174,2
14,43,4,120,2
19,34,5,176,2
10,43,5,151,2
18,46,6,185,2
15,44,6,198,2
10,20,5,178,2
16,40,4,125,2
15,36,4,143,2
23,33,5,167,2
24,21,5,167,2
11,57,6,189,2
13,59,5,171,2
23,38,6,204,2
24,40,6,193,2
18,43,6,209,2
15,26,6,204,2
14,52,5,163,2
12,40,6,207,2
11,55,5,155,2
16,21,6,196,2
15,45,5,155,2
18,55,6,190,2
10,53,6,181,2
13,34,4,146,2
17,28,6,194,2
14,51,5,161,2
17,33,4,132,2
15,21,4,134,2
23,44,5,162,2
20,34,5,154,2
17,47,4,148,2
15,51,4,138,2
22,38,5,158,2
21,42,6,191,2
13,48,5,158,2
21,59,6,203,2
16,37,4,126,2
24,51,4,144,2
15,34,4,135,2
14,59,4,130,2
13,21,6,196,2
20,23,6,202,2
24,25,5,169,2
24,43,5,172,2
20,21,6,205,2
13,32,4,121,2
20,58,5,179,2
11,55,4,133,2
23,47,4,147,2
14,59,6,191,2
11,41,6,204,2
13,30,6,202,2
23,35,5,173,2
17,55,4,141,2
15,22,5,157,2
11,30,6,206,2
13,40,4,139,2
17,24,4,127,2
20,25,6,205,2
10,39,5,166,2
23,31,5,166,2
13,46,4,130,2
23,33,4,125,2
23,36,4,120,2
21,20,5,170,2
18,39,6,188,2
23,29,6,203,2
23,25,6,197,2
18,23,6,183,2
12,23,5,169,2
12,25,6,193,2
17,36,5,152,2
22,26,6,209,2
24,34,4,133,2
12,22,6,190,2
22,40,6,182,2
23,57,6,188,2
18,49,5,179,2
19,22,6,195,2
22,27,4,122,2
19,42,5,166,2
12,23,5,164,2
18,45,5,173,2
20,23,6,207,2
12,22,4,131,2
10,51,4,133,2
11,24,5,171,2
12,47,6,185,2
14,56,5,156,2
19,38,4,149,2
11,41,4,139,2
15,20,5,159,2
17,44,5,150,2
12,30,4,139,2
19,37,5,172,2
22,44,6,181,2
13,28,5,176,2
24,46,6,196,2
14,21,5,155,2
13,23,5,150,2
15,29,5,150,2
24,34,4,122,2
11,27,5,153,2
24,21,5,162,2
13,58,5,164,2
21,48,5,164,2
21,49,6,190,2
20,47,6,192,2
14,47,4,121,2
20,28,5,178,2
21,57,6,198,2
23,59,4,133,2
18,25,4,146,2
20,52,4,147,2
23,39,4,135,2
14,31,4,145,2
22,59,4,142,2
22,52,6,186,2
22,25,4,135,2
14,23,5,178,2
14,49,5,171,2
17,52,6,183,2
22,29,4,121,2
12,41,6,209,2
13,30,5,156,2
20,27,4,146,2
22,31,6,189,2
22,23,4,134,2
13,32,4,147,2
18,38,5,156,2
22,36,6,194,2
15,50,6,181,2
24,39,6,183,2
11,23,6,187,2
20,56,4,138,2
19,37,5,165,2
15,39,5,161,2
22,57,4,130,2
16,54,4,126,2
23,33,6,204,2
21,29,6,189,2
19,56,4,149,2
21,42,6,189,2
16,26,5,172,2
10,26,4,146,2
22,30,5,173,2
17,49,5,151,2
11,29,6,192,2
17,42,5,150,2
23,43,4,141,2
19,21,4,143,2
22,37,5,154,2
19,55,4,122,2
21,43,5,162,2
13,45,4,131,2
24,25,5,167,2
23,29,5,166,2
21,29,6,194,2
19,35,6,184,2
20,27,6,189,2
12,29,4,129,2
23,48,6,208,2
14,45,5,170,2
10,39,6,203,2
20,24,6,189,2
41,62,2,87,3
27,36,2,85,3
27,31,2,68,3
25,75,2,75,3
19,64,2,89,3
30,60,2,88,3
27,83,2,78,3
23,62,2,82,3
34,64,2,83,3
17,60,2,68,3
31,61,2,86,3
27,81,2,80,3
26,47,2,65,3
26,49,2,85,3
27,50,2,71,3
28,65,2,84,3
28,65,2,81,3
27,33,2,82,3
27,47,2,84,3
25,30,2,82,3
26,20,2,74,3
12,64,2,67,3
27,42,2,83,3
18,61,2,66,3
26,40,2,85,3
34,60,2,72,3
26,53,2,87,3
27,22,2,74,3
15,60,2,61,3
28,63,2,63,3
38,60,2,76,3
31,62,2,80,3
20,61,2,84,3
37,62,2,65,3
28,64,2,75,3
39,60,2,73,3
27,47,2,70,3
27,57,2,72,3
44,61,2,76,3
26,80,2,86,3
44,61,2,76,3
27,27,2,67,3
26,37,2,85,3
47,60,2,86,3
28,42,2,84,3
26,20,2,67,3
25,37,2,62,3
35,63,2,89,3
26,70,2,80,3
46,63,2,81,3
32,60,2,60,3
26,58,2,82,3
27,21,2,60,3
25,34,2,74,3
38,64,2,84,3
26,25,2,73,3
27,32,2,82,3
26,64,2,74,3
38,60,2,80,3
17,63,2,87,3
24,62,2,78,3
25,25,2,87,3
18,61,2,66,3
25,65,2,74,3
10,62,2,79,3
34,60,2,85,3
27,57,2,86,3
49,64,2,77,3
26,67,2,79,3
26,32,2,72,3
27,58,2,80,3
26,83,2,76,3
28,40,2,67,3
38,61,2,85,3
27,63,2,78,3
20,64,2,87,3
29,64,2,61,3
25,67,2,78,3
47,64,2,85,3
26,74,3,89,3
33,60,2,67,3
44,64,2,86,3
27,57,2,62,3
25,75,2,75,3
27,40,2,80,3
27,36,2,88,3
25,61,2,66,3
23,60,2,61,3
27,55,2,84,3
23,63,2,69,3
48,64,2,89,3
33,64,2,62,3
27,84,2,88,3
14,60,2,82,3
33,61,2,72,3
45,64,2,66,3
25,28,2,86,3
17,61,2,81,3
27,65,2,83,3
25,30,2,79,3
27,76,2,84,3
16,65,2,84,3
46,60,2,70,3
44,63,2,66,3
26,35,2,68,3
25,28,2,69,3
32,60,2,63,3
25,61,2,88,3
26,72,2,73,3
26,46,2,77,3
27,69,2,84,3
41,61,2,67,3
25,45,2,81,3
44,60,2,85,3
12,62,2,83,3
12,62,2,62,3
33,63,2,66,3
46,62,2,76,3
26,55,2,69,3
23,61,2,76,3
27,31,2,65,3
45,60,2,66,3
29,64,2,83,3
27,58,2,85,3
25,29,2,82,3
27,56,2,66,3
32,61,2,77,3
22,62,2,88,3
26,32,2,86,3
20,60,2,72,3
25,34,2,73,3
25,49,2,70,3
37,63,2,72,3
27,27,2,87,3
27,58,2,85,3
43,63,2,60,3
27,41,2,66,3
23,62,2,81,3
21,63,2,80,3
27,73,2,68,3
24,61,2,85,3
31,61,2,80,3
27,43,2,80,3
28,64,2,79,3
27,21,2,60,3
30,64,2,87,3
17,64,2,87,3
24,60,2,84,3
27,34,2,86,3
29,61,2,74,3
38,63,2,63,3
44,60,2,85,3
17,62,2,69,3
25,48,2,78,3
27,36,2,77,3
11,61,2,82,3
26,36,2,67,3
25,76,2,87,3
24,64,2,65,3
26,49,2,86,3
26,60,2,65,3
14,63,2,71,3
25,43,2,75,3
26,33,2,84,3
25,52,2,66,3
26,21,2,68,3
33,63,2,66,3
17,63,2,87,3
26,74,2,78,3
26,27,2,77,3
27,57,2,80,3
27,57,2,72,3
30,60,2,80,3
27,62,2,87,3
34,63,2,83,3
25,35,2,85,3
44,61,2,65,3
46,61,2,77,3
34,62,2,63,3
25,38,2,69,3
25,23,2,66,3
20,60,2,60,3
27,81,2,83,3
27,55,2,70,3
26,53,2,65,3
30,60,2,80,3
14,60,2,62,3
22,62,2,88,3
43,62,2,77,3
26,43,2,86,3
25,48,2,65,3
27,67,2,82,3
27,35,2,68,3
17,64,2,87,3
25,71,2,81,3
32,64,2,84,3
44,62,2,77,3
27,67,2,82,3
42,62,2,76,3
26,67,2,79,3
28,77,2,73,3
25,71,2,76,3
26,47,2,72,3
25,47,2,82,3
14,61,2,76,3
26,53,2,87,3
30,60,2,80,3
25,68,2,67,3
49,61,2,83,3
27,36,2,74,3
33,64,2,62,3
25,67,2,78,3
10,64,2,64,3
27,61,2,81,3
27,71,2,79,3
40,63,2,72,3
36,63,2,68,3
17,60,2,84,3
38,63,2,87,3
21,60,2,78,3
43,63,2,60,3
25,47,2,72,3
31,63,2,82,3
12,63,2,84,3
32,61,2,64,3
41,61,2,69,3
27,68,2,78,3
26,83,2,74,3
28,59,2,69,3
35,63,2,68,3
23,64,2,63,3
28,84,2,80,3
26,47,2,60,3
19,60,2,70,3
26,72,2,79,3
19,61,2,82,3
33,61,2,72,3
27,21,2,64,3
25,61,2,65,3
27,32,2,82,3
38,60,2,62,3
25,66,2,89,3
28,64,2,79,3
27,69,2,84,3
26,60,2,86,3
27,40,2,63,3
23,63,2,69,3
27,50,2,71,3
47,64,2,63,3
17,61,2,80,3
26,46,2,76,3
27,44,2,67,3
27,59,2,61,3
28,57,2,66,3
26,83,2,74,3
26,58,2,60,3
39,61,2,77,3
25,61,2,66,3
34,64,2,82,3
26,47,2,72,3
26,57,2,79,3
47,60,2,89,3
28,37,2,65,3
28,73,2,79,3
38,61,2,85,3
25,76,2,87,3
21,63,2,78,3
25,33,2,69,3
25,48,2,65,3
27,20,2,63,3
27,57,2,62,3
44,62,2,66,3
28,42,2,84,3
25,83,2,60,3
26,39,2,77,3
25,57,2,60,3
15,61,2,72,3
46,61,2,77,3
21,63,2,87,3
12,63,2,84,3
25,80,2,62,3
25,62,3,89,3
28,37,2,65,3
37,65,2,70,3
25,78,2,87,3
12,63,2,64,3
32,61,2,77,3
42,62,2,88,3
26,43,2,70,3
29,63,2,82,3
23,63,2,69,3
43,64,2,64,3
29,61,2,64,3
42,61,2,84,3
25,27,2,74,3
31,60,2,81,3
27,41,2,66,3
25,31,2,63,3
27,57,2,62,3
39,61,2,67,3
45,61,2,81,3
23,62,2,67,3
21,60,2,78,3
15,62,2,68,3
45,60,2,66,3
25,66,2,81,3
26,53,2,87,3
27,21,2,64,3
17,60,2,77,3
26,21,2,81,3
27,64,2,89,3
27,57,2,89,3
40,60,2,60,3
26,55,2,68,3
32,60,2,63,3
27,27,2,67,3
27,32,2,85,3
25,35,2,85,3
25,47,2,83,3
49,63,2,73,3
25,31,2,63,3
27,40,2,63,3
25,73,2,73,3
48,64,2,89,3
13,64,2,87,3
28,73,2,79,3
26,71,2,78,3
27,57,2,62,3
25,69,2,61,3
22,62,2,70,3
27,42,2,83,3
40,65,2,68,3
22,64,2,69,3
26,45,2,80,3
25,84,2,89,3
26,24,2,70,3
33,60,2,80,3
37,61,2,79,3
26,47,2,65,3
26,59,2,80,3
32,61,2,77,3
38,61,2,85,3
31,63,2,82,3
26,72,2,79,3
25,51,2,71,3
27,45,2,73,3
47,62,2,60,3
27,56,2,83,3
27,20,2,63,3
39,60,2,73,3
26,79,2,84,3
25,58,2,62,3
38,60,2,84,3
28,63,2,63,3
27,42,2,88,3
26,80,2,85,3
34,60,2,72,3
18,62,2,78,3
26,59,2,87,3
25,56,2,78,3
28,63,2,63,3
38,61,2,85,3
40,65,2,75,3
26,59,2,87,3
42,60,2,79,3
47,61,2,80,3
26,77,2,80,3
26,42,2,77,3
25,25,2,66,3
34,64,2,80,3
25,41,2,67,3
32,64,2,84,3
15,64,2,78,3
27,51,2,71,3
27,35,2,74,3
12,62,2,88,3
25,55,2,63,3
13,64,2,63,3
27,22,2,63,3
46,64,2,60,3
27,47,2,80,3
35,60,2,69,3
26,36,2,67,3
34,60,2,81,3
30,60,2,67,3
27,38,2,61,3
25,72,2,84,3
27,59,2,89,3
24,62,2,89,3
27,83,2,82,3
26,21,2,88,3
18,61,2,85,3
34,64,2,75,3
36,60,2,74,3
25,38,2,84,3
40,64,2,71,3
20,64,2,69,3
21,61,2,85,3
26,69,2,67,3
26,42,2,77,3
27,34,2,86,3
42,62,2,86,3
44,63,2,83,3
46,64,2,86,3
25,26,2,77,3
31,61,2,70,3
40,65,2,75,3
25,22,2,62,3
18,64,2,74,3
14,63,2,71,3
46,60,2,85,3
33,63,2,82,3
27,77,2,77,3
17,61,2,75,3
25,34,2,73,3
26,79,2,84,3
25,59,2,65,3
33,64,2,62,3
21,60,2,88,3
27,46,2,68,3
41,62,2,87,3
12,62,2,73,3
27,83,2,77,3
27,31,2,61,3
39,63,2,88,3
12,63,2,84,3
27,25,2,73,3
38,62,2,80,3
25,32,2,87,3
26,66,2,80,3
26,27,2,84,3
26,47,2,81,3
46,64,2,68,3
24,63,2,78,3
35,64,2,87,3
27,63,2,78,3
27,21,2,79,3
26,72,2,72,3
48,64,2,62,3
25,56,2,66,3
27,32,2,82,3
29,60,2,68,3
15,64,2,88,3
27,33,2,74,3
28,40,2,70,3
27,35,2,74,3
26,33,2,84,3
25,56,2,66,3
10,62,2,76,3
10,62,2,65,3
46,60,2,85,3
26,69,2,83,3
24,61,2,85,3
40,61,2,81,3
29,63,2,63,3
27,83,2,79,3
26,57,2,79,3
21,61,2,64,3
27,78,2,61,3
27,35,2,84,3
45,63,2,71,3
26,25,2,65,3
27,31,2,68,3
27,61,2,81,3
27,32,2,81,3
18,61,2,88,3
22,61,2,68,3
26,41,2,77,3
26,49,2,86,3
27,25,2,89,3
14,63,2,88,3
25,84,2,89,3
27,39,2,89,3
27,65,2,68,3
36,64,2,74,3
27,73,2,86,3
44,61,2,76,3
27,72,2,68,3
28,73,2,79,3
27,50,2,67,3
22,62,2,76,3
27,66,2,89,3
46,61,2,67,3
49,64,2,83,3
29,60,2,62,3
27,40,2,63,3
25,58,2,73,3
46,64,2,62,3
25,64,2,65,3
11,63,2,79,3
37,64,2,77,3
26,49,2,85,3
46,60,2,85,3
12,63,2,86,3
26,46,2,69,3
27,44,2,77,3
27,35,2,68,3
26,27,2,87,3
26,60,2,82,3
41,60,2,64,3
28,62,2,77,3
27,45,3,89,3
27,84,2,88,3
25,60,2,81,3
29,63,2,61,3
25,51,2,71,3
25,73,2,71,3
41,64,2,84,3
26,57,2,69,3
26,27,2,76,3
25,28,2,86,3
42,61,2,84,3
46,61,2,69,3
26,48,2,65,3
25,71,2,81,3
25,28,2,81,3
25,35,2,82,3
26,29,2,89,3
26,23,2,72,3
39,60,2,69,3
27,48,2,63,3
26,77,2,75,3
25,32,2,87,3
27,67,2,68,3
31,61,2,79,3
27,57,2,86,3
26,69,2,67,3
25,41,2,64,3
27,29,2,69,3
34,60,2,85,3
25,43,2,85,3
12,62,2,69,3
26,83,2,76,3
26,30,2,86,3
26,50,2,65,3
27,39,2,79,3
12,62,2,73,3
24,62,2,73,3
10,61,2,82,3
48,61,2,87,3
25,81,2,70,3
12,63,2,84,3
26,79,2,61,3
25,31,2,63,3
24,60,2,84,3
42,62,2,81,3
14,61,2,77,3
21,60,2,81,3
25,52,2,81,3
43,63,2,62,3
44,62,2,83,3
26,26,2,79,3
27,20,2,63,3
27,35,2,67,3
36,64,2,74,3
27,34,2,86,3
25,56,2,62,3
44,63,2,83,3
26,76,2,67,3
26,32,2,69,3
11,64,2,89,3
14,60,2,82,3
25,32,2,87,3
25,62,2,71,3
37,60,2,86,3
11,62,2,62,3
29,63,2,83,3
26,79,2,61,3
25,22,2,62,3
39,60,2,69,3
28,77,2,73,3
26,28,2,84,3
25,61,2,82,3
27,67,2,67,3
27,52,2,74,3
25,48,2,65,3
42,61,2,62,3
32,62,2,80,3
12,63,2,65,3
25,57,2,76,3
26,22,2,71,3
26,51,2,83,3
40,64,2,73,3
25,25,2,87,3
26,83,2,74,3
26,70,2,86,3
27,39,2,89,3
27,20,2,63,3
27,67,2,67,3
24,63,2,67,3
34,60,2,60,3
18,64,2,63,3
44,60,2,63,3
26,47,2,74,3
15,60,2,75,3
13,64,2,63,3
25,51,2,70,3
30,60,2,63,3
15,61,2,79,3
42,62,2,75,3
27,41,2,66,3
26,46,2,69,3
10,62,2,76,3
25,34,3,89,3
29,61,2,64,3
17,60,2,68,3
27,64,2,78,3
28,63,2,89,3
43,64,2,63,3
26,50,2,65,3
26,23,2,80,3
25,55,2,79,3
48,61,2,61,3
20,60,2,78,3
27,23,2,68,3
27,46,2,67,3
25,32,2,87,3
25,30,2,80,3
41,60,2,70,3
25,35,2,82,3
25,27,2,81,3
27,35,2,74,3
34,61,2,85,3
21,63,2,80,3
10,62,2,76,3
24,64,2,84,3
48,61,2,65,3
27,67,2,73,3
25,80,2,62,3
27,24,2,76,3
32,60,2,63,3
25,22,2,62,3
14,61,2,78,3
28,64,2,75,3
49,65,2,67,3
14,60,2,82,3
42,63,2,64,3
25,32,2,67,3
11,63,2,83,3
27,36,2,88,3
27,44,2,67,3
27,52,2,74,3
21,62,2,70,3
18,60,2,68,3
26,70,2,80,3
25,54,2,87,3
36,61,2,82,3
27,61,2,71,3
25,44,2,89,3
26,22,2,84,3
26,36,2,67,3
31,61,2,79,3
25,84,2,89,3
25,56,2,66,3
26,53,2,74,3
27,40,2,80,3
25,22,2,76,3
13,61,2,70,3
30,63,2,66,3
22,62,2,73,3
39,63,2,83,3
26,22,2,73,3
27,57,2,72,3
25,70,2,85,3
27,63,2,77,3
26,32,2,69,3
26,65,2,70,3
25,31,2,87,3
26,60,2,86,3
27,63,2,60,3
27,45,2,63,3
27,43,2,89,3
43,61,2,64,3
25,72,2,84,3
12,62,2,62,3
26,22,2,84,3
41,61,2,66,3
26,76,2,64,3
20,64,2,72,3
26,40,2,89,3
26,73,2,63,3
36,63,2,68,3
33,61,2,72,3
37,61,2,84,3
37,65,2,70,3
49,61,2,61,3
26,70,2,66,3
38,62,2,80,3
25,48,2,65,3
30,61,2,89,3
25,38,2,84,3
27,44,2,67,3
26,47,2,65,3
25,38,2,69,3
26,47,2,81,3
36,60,2,74,3
26,67,2,80,3
30,62,2,66,3
45,60,2,85,3
26,60,2,73,3
14,62,2,60,3
46,61,2,81,3
25,54,2,61,3
34,64,2,75,3
25,49,2,62,3
46,64,2,86,3
26,21,2,86,3
23,62,2,74,3
26,27,2,80,3
26,27,2,77,3
14,61,2,77,3
27,29,2,69,3
27,84,2,79,3
10,63,2,63,3
26,69,2,86,3
26,84,2,81,3
27,60,2,86,3
25,25,2,71,3
12,62,2,62,3
26,39,2,80,3
47,63,2,68,3
27,22,2,80,3
47,60,2,65,3
35,63,2,68,3
26,60,2,86,3
25,78,2,70,3
27,60,2,86,3
27,68,2,78,3
44,63,2,84,3
27,36,2,85,3
25,32,2,87,3
19,63,2,69,3
27,43,2,85,3
26,38,2,68,3
27,66,2,72,3
25,37,2,80,3
19,64,2,62,3
25,31,2,87,3
27,40,2,63,3
27,27,2,67,3
28,84,2,82,3
27,31,2,61,3
37,63,2,72,3
27,36,2,74,3
26,60,2,82,3
10,61,2,72,3
40,60,2,77,3
16,61,2,89,3
25,71,2,88,3
27,54,2,76,3
25,61,2,82,3
17,63,2,62,3
27,22,2,76,3
27,68,2,73,3
11,64,2,64,3
25,62,2,87,3
21,63,2,80,3
25,54,2,78,3
17,62,2,60,3
27,20,2,63,3
28,64,2,75,3
25,68,2,67,3
26,52,2,78,3
26,66,2,80,3
26,59,2,80,3
26,53,2,74,3
27,66,2,72,3
32,60,2,65,3
17,62,2,67,3
27,80,2,84,3
26,41,2,77,3
20,60,2,76,3
36,61,2,82,3
28,73,2,64,3
47,60,2,65,3
37,61,2,65,3
27,53,2,89,3
25,52,2,81,3
25,45,2,79,3
27,34,2,86,3
25,72,2,84,3
25,62,2,81,3
27,56,2,84,3
34,64,2,82,3
29,63,2,63,3
45,64,2,74,3
26,27,2,77,3
27,68,2,75,3
30,60,2,88,3
18,61,2,88,3
40,61,2,86,3
12,61,2,76,3
27,32,2,85,3
25,82,2,77,3
32,60,2,65,3
26,53,2,86,3
40,60,2,64,3
33,63,2,82,3
39,61,2,60,3
27,31,2,85,3
33,63,2,84,3
26,20,3,89,3
21,60,2,78,3
39,61,2,77,3
43,63,2,60,3
10,62,2,60,3
25,32,2,62,3
11,60,2,84,3
37,61,2,84,3
17,63,2,62,3
26,60,2,65,3
26,38,2,62,3
49,63,2,70,3
47,62,2,61,3
25,80,2,62,3
33,61,2,72,3
27,31,2,77,3
26,20,2,74,3
26,53,2,86,3
27,65,2,80,3
27,40,2,63,3
27,59,2,65,3
26,66,2,61,3
49,63,2,70,3
26,66,2,86,3
25,71,2,72,3
41,61,2,79,3
26,25,2,65,3
26,81,2,86,3
27,59,2,65,3
26,71,2,78,3
25,40,2,76,3
27,22,2,63,3
27,63,2,78,3
27,76,2,71,3
26,65,2,62,3
41,62,2,89,3
17,60,2,82,3
27,55,2,72,3
17,61,2,82,3
12,64,2,86,3
45,60,2,85,3
15,64,2,78,3
26,81,2,86,3
33,61,2,66,3
26,75,2,65,3
25,35,2,77,3
14,63,2,67,3
26,24,2,77,3
42,63,2,75,3
18,60,2,65,3
42,62,2,81,3
23,60,2,61,3
24,61,2,78,3
27,68,2,75,3
26,43,2,86,3
17,60,2,82,3
40,64,2,86,3
17,60,2,82,3
26,60,2,64,3
23,62,2,67,3
23,62,2,67,3
15,64,2,71,3
27,55,2,62,3
12,62,2,62,3
27,62,2,72,3
10,62,2,76,3
27,36,2,80,3
49,61,2,83,3
37,63,2,72,3
25,73,2,78,3
14,63,2,71,3
27,39,2,79,3
44,63,2,64,3
46,60,2,85,3
28,72,2,70,3
30,60,2,76,3
32,60,2,62,3
26,58,2,60,3
37,61,2,79,3
26,75,2,65,3
27,53,2,89,3
26,43,2,67,3
37,60,2,61,3
41,61,2,79,3
38,62,2,80,3
37,63,2,89,3
45,63,2,79,3
20,63,2,64,3
25,80,2,89,3
12,60,2,83,3
15,62,2,87,3
48,64,2,62,3
44,63,2,88,3
40,61,2,86,3
25,76,2,83,3
46,63,2,84,3
26,80,2,77,3
26,51,2,72,3
48,61,2,70,3
25,32,2,87,3
21,61,2,87,3
26,82,2,82,3
15,63,2,66,3
30,62,2,80,3
26,32,2,86,3
26,38,2,62,3
46,61,2,67,3
26,65,2,76,3
26,78,2,86,3
15,61,2,73,3
32,64,2,84,3
25,73,2,67,3
26,25,2,77,3
26,38,2,62,3
28,77,2,73,3
22,64,2,87,3
27,43,2,85,3
26,72,2,61,3
22,61,2,73,3
25,32,2,62,3
27,57,2,89,3
26,56,2,66,3
46,63,2,81,3
26,20,2,74,3
26,26,2,79,3
31,61,2,80,3
27,42,2,83,3
29,61,2,74,3
26,65,2,76,3
36,61,2,82,3
13,64,2,63,3
37,60,2,86,3
27,57,2,80,3
27,77,2,76,3
26,24,2,77,3
26,75,2,79,3
27,56,2,80,3
26,83,2,66,3
25,70,2,64,3
26,43,2,80,3
21,60,2,81,3
40,61,2,61,3
30,60,2,76,3
25,51,2,70,3
46,63,2,69,3
18,60,2,65,3
31,64,2,80,3
18,60,2,65,3
45,64,2,74,3
25,62,2,89,3
26,32,2,69,3
38,60,2,76,3
37,60,2,78,3
27,73,2,66,3
25,34,2,73,3
25,29,2,82,3
27,22,2,76,3
27,42,2,77,3
26,36,2,72,3
32,60,2,81,3
27,31,2,61,3
34,63,2,83,3
25,58,2,73,3
17,62,2,67,3
12,63,2,77,3
26,40,2,85,3
39,61,2,77,3
28,62,2,77,3
27,25,2,73,3
26,83,2,77,3
12,60,2,83,3
26,66,2,80,3
27,45,2,63,3
27,22,2,63,3
20,63,2,68,3
23,63,2,78,3
27,47,2,89,3
48,62,2,64,3
26,60,2,79,3
26,41,2,74,3
43,63,2,62,3
26,46,2,69,3
35,63,2,63,3
43,63,2,85,3
28,54,2,82,3
26,38,2,62,3
27,83,2,67,3
25,52,2,66,3
25,82,2,77,3
34,64,2,82,3
14,61,2,66,3
18,63,2,89,3
39,64,2,88,3
49,61,2,61,3
27,50,2,61,3
27,69,2,77,3
20,60,2,89,3
39,61,2,67,3
25,76,2,83,3
22,61,2,68,3
26,22,2,84,3
25,30,2,78,3
26,38,2,70,3
11,60,2,83,3
24,61,2,85,3
27,71,2,79,3
40,60,2,66,3
23,62,2,85,3
30,64,2,61,3
25,71,2,76,3
47,63,2,72,3
25,32,2,64,3
25,45,2,79,3
27,29,2,69,3
18,61,2,85,3
26,38,2,88,3
27,36,2,71,3
39,62,2,71,3
27,80,2,78,3
14,60,2,74,3
26,27,2,76,3
19,64,2,62,3
35,61,2,63,3
27,59,2,78,3
38,60,2,80,3
34,63,2,74,3
25,35,2,82,3
24,62,2,89,3
27,45,2,60,3
25,46,2,72,3
15,64,2,78,3
26,25,2,73,3
16,61,2,61,3
42,60,2,61,3
10,61,2,75,3
26,53,2,65,3
39,61,2,60,3
26,65,2,88,3
33,64,2,82,3
27,45,2,63,3
26,23,2,80,3
10,62,2,65,3
44,61,2,80,3
27,42,2,77,3
32,63,2,76,3
26,72,2,79,3
25,62,2,71,3
37,61,2,84,3
44,64,2,86,3
27,40,2,63,3
11,63,2,81,3
28,34,2,65,3
27,67,2,73,3
27,46,2,68,3
40,64,2,73,3
20,64,2,78,3
26,78,2,86,3
11,60,2,83,3
39,64,2,88,3
47,64,2,78,3
26,58,2,82,3
30,60,2,63,3
27,29,2,76,3
29,64,2,61,3
23,60,2,61,3
40,64,2,81,3
28,62,2,65,3
28,64,2,77,3
19,62,2,86,3
27,80,2,84,3
42,62,2,86,3
32,63,2,61,3
26,79,2,84,3
27,46,2,80,3
26,83,2,66,3
30,60,2,80,3
24,63,2,79,3
27,58,2,85,3
27,59,2,74,3
25,62,3,89,3
13,64,2,63,3
32,61,2,64,3
26,23,2,82,3
27,70,2,86,3
47,63,2,71,3
21,64,2,77,3
31,61,2,80,3
25,58,2,73,3
27,39,2,79,3
27,57,2,80,3
42,62,2,77,3
25,37,2,60,3
16,62,2,84,3
27,84,2,77,3
49,61,2,61,3
25,36,2,87,3
24,60,2,84,3
26,41,2,77,3
27,81,2,83,3
25,52,2,81,3
41,61,2,67,3
46,64,2,62,3
27,75,2,77,3
25,71,2,75,3
39,64,2,82,3
27,62,2,85,3
24,61,2,85,3
26,20,2,74,3
15,62,2,71,3
41,61,2,66,3
31,64,2,80,3
26,52,2,83,3
34,60,2,60,3
27,76,2,84,3
25,30,2,79,3
13,61,2,60,3
25,30,2,79,3
38,62,2,80,3
18,61,2,61,3
27,63,2,79,3
49,63,2,86,3
27,81,2,83,3
27,68,2,75,3
13,64,2,68,3
27,82,2,69,3
27,30,2,87,3
37,60,2,61,3
25,35,2,85,3
33,61,2,66,3
42,61,2,67,3
46,64,2,62,3
27,50,2,71,3
27,84,2,77,3
26,76,2,81,3
25,63,2,68,3
11,63,2,79,3
41,61,2,66,3
26,58,2,60,3
27,45,2,73,3
26,56,2,66,3
27,67,2,67,3
27,66,2,89,3
34,63,2,87,3
44,61,2,76,3
35,63,2,68,3
38,60,2,71,3
26,79,2,84,3
34,60,2,81,3
25,65,2,66,3
21,60,2,88,3
27,34,2,78,3
31,64,2,71,3
26,56,2,78,3
25,34,3,89,3
16,62,2,68,3
47,62,2,71,3
27,63,2,78,3
36,64,2,74,3
25,73,2,78,3
27,36,2,62,3
26,25,2,80,3
27,34,2,86,3
25,80,2,63,3
44,61,2,80,3
43,62,2,85,3
15,61,2,65,3
38,63,2,63,3
30,64,2,85,3
44,63,2,64,3
27,32,2,82,3
25,37,2,60,3
18,60,2,68,3
29,62,2,74,3
13,63,2,77,3
22,62,2,73,3
26,77,2,72,3
25,56,2,85,3
26,27,2,84,3
41,62,2,65,3
32,61,2,89,3
26,47,2,71,3
28,65,2,81,3
27,45,2,63,3
26,74,3,89,3
27,36,2,85,3
27,39,2,88,3
15,64,2,88,3
26,64,2,80,3
42,62,2,86,3
25,49,2,83,3
27,56,2,80,3
26,38,2,62,3
12,64,2,67,3
35,63,2,68,3
20,61,2,84,3
26,30,2,86,3
25,53,2,66,3
15,62,2,68,3
25,52,2,85,3
27,21,2,64,3
21,62,2,70,3
26,20,3,89,3
47,63,2,71,3
18,60,2,68,3
43,62,2,77,3
26,43,2,80,3
12,63,2,86,3
20,60,2,60,3
34,60,2,72,3
25,61,2,82,3
26,23,2,72,3
27,68,2,73,3
27,77,2,77,3
12,63,2,77,3
26,25,2,77,3
38,62,2,77,3
40,65,2,68,3
39,60,2,63,3
25,41,2,64,3
27,80,2,70,3
30,63,2,66,3
25,54,2,78,3
26,44,2,64,3
26,43,2,71,3
26,53,2,74,3
32,60,2,63,3
27,58,2,73,3
43,62,2,83,3
10,60,2,87,3
26,75,2,69,3
33,63,2,84,3
26,64,2,82,3
49,63,2,70,3
42,62,2,76,3
47,61,2,83,3
19,62,2,63,3
27,66,2,80,3
10,64,2,76,3
26,23,2,72,3
30,61,2,89,3
28,74,2,72,3
26,82,2,78,3
26,47,2,74,3
28,29,2,78,3
26,28,2,84,3
28,63,2,63,3
26,27,2,87,3
26,29,2,78,3
27,82,2,87,3
26,81,2,72,3
44,64,2,87,3
27,50,2,61,3
47,63,2,68,3
44,63,2,85,3
27,67,2,82,3
26,28,2,65,3
26,84,2,89,3
18,63,2,89,3
48,64,2,62,3
46,65,2,69,3
44,63,2,84,3
47,63,2,70,3
28,64,2,77,3
47,63,2,67,3
47,64,2,85,3
39,60,2,63,3
44,61,2,68,3
47,63,2,70,3
26,69,2,86,3
27,71,2,84,3
26,72,2,79,3
23,62,2,74,3
24,63,2,69,3
27,39,2,88,3
27,22,2,63,3
45,63,2,69,3
25,72,2,79,3
33,63,2,82,3
42,62,2,81,3
27,54,2,76,3
37,61,2,84,3
26,23,2,82,3
27,36,2,80,3
24,63,2,79,3
46,65,2,69,3
26,73,2,68,3
27,34,2,86,3
25,43,2,87,3
27,53,2,89,3
26,77,2,80,3
15,61,2,72,3
30,64,2,85,3
12,62,2,70,3
25,54,2,67,3
25,60,2,73,3
27,35,2,75,3
17,63,2,63,3
21,61,2,87,3
26,22,2,71,3
26,66,2,80,3
27,66,2,67,3
14,64,2,85,3
26,55,2,61,3
25,74,2,74,3
26,46,2,76,3
37,61,2,65,3
38,60,2,62,3
27,39,2,79,3
36,62,2,80,3
14,63,2,88,3
39,60,2,73,3
41,63,2,64,3
17,62,2,74,3
41,61,2,66,3
27,66,2,72,3
30,60,2,81,3
38,63,2,85,3
32,64,2,84,3
28,43,2,79,3
36,60,2,74,3
27,36,2,74,3
27,67,2,67,3
35,61,2,63,3
27,56,2,66,3
27,63,2,60,3
18,62,2,78,3
41,61,2,64,3
39,64,2,83,3
33,64,2,62,3
26,46,2,87,3
26,42,2,77,3
43,60,2,86,3
25,22,2,85,3
26,72,2,73,3
36,61,2,82,3
26,63,2,85,3
26,63,2,83,3
43,64,2,62,3
25,56,2,78,3
26,60,2,73,3
26,56,2,77,3
26,27,2,65,3
23,64,2,86,3
26,38,2,62,3
46,60,2,70,3
33,60,2,85,3
27,22,2,60,3
43,64,2,81,3
25,23,2,66,3
35,63,2,68,3
26,78,2,71,3
26,65,2,89,3
29,60,2,71,3
27,83,2,67,3
26,25,2,77,3
27,35,2,68,3
48,61,2,65,3
32,61,2,80,3
32,61,2,71,3
27,56,2,66,3
26,38,2,62,3
46,60,2,85,3
46,63,2,69,3
25,56,2,78,3
27,53,2,68,3
25,65,2,62,3
12,62,2,62,3
27,63,2,60,3
45,64,2,74,3
14,62,2,77,3
23,61,2,82,3
28,60,2,76,3
27,36,2,62,3
26,23,2,80,3
26,43,2,71,3
25,47,2,83,3
27,38,2,65,3
25,52,2,66,3
27,21,2,66,3
45,62,2,60,3
32,61,2,71,3
40,60,2,64,3
27,59,2,74,3
12,63,2,65,3
11,64,2,68,3
12,64,2,86,3
25,83,2,66,3
27,42,2,88,3
47,60,2,89,3
10,62,2,76,3
49,63,2,86,3
26,71,2,78,3
25,22,2,83,3
26,52,2,60,3
28,62,2,71,3
27,30,2,87,3
27,82,2,87,3
37,60,2,61,3
48,61,2,65,3
43,65,2,71,3
44,61,2,80,3
42,61,2,67,3
14,61,2,77,3
27,67,2,82,3
28,84,2,80,3
27,26,2,72,3
35,63,2,85,3
37,65,2,70,3
28,64,2,69,3
27,65,2,80,3
47,63,2,70,3
25,62,2,89,3
43,62,2,77,3
36,64,2,82,3
12,60,2,85,3
33,61,2,66,3
22,64,2,87,3
25,58,2,73,3
26,50,2,65,3
25,66,2,89,3
26,37,2,85,3
44,61,2,76,3
25,73,2,67,3
34,62,2,62,3
26,55,2,69,3
18,61,2,88,3
43,62,2,66,3
48,63,2,85,3
23,60,2,61,3
14,62,2,77,3
11,64,2,64,3
27,62,2,72,3
25,52,2,85,3
27,53,2,68,3
26,43,2,80,3
13,64,2,63,3
28,65,2,84,3
37,61,2,84,3
26,20,2,87,3
27,59,2,78,3
22,61,2,68,3
27,59,2,62,3
11,65,2,81,3
32,60,2,62,3
26,64,2,69,3
26,84,2,69,3
26,54,2,81,3
42,61,2,84,3
14,62,2,77,3
26,55,2,61,3
27,48,2,63,3
19,62,2,63,3
26,52,2,83,3
27,24,2,76,3
41,62,2,65,3
26,67,2,79,3
10,61,2,72,3
27,47,2,70,3
20,60,2,60,3
29,62,2,83,3
26,66,2,64,3
25,56,2,79,3
25,71,2,81,3
27,69,2,84,3
38,62,2,80,3
26,77,2,80,3
47,63,2,67,3
27,45,3,89,3
26,35,2,63,3
21,60,2,78,3
27,42,2,88,3
26,49,2,86,3
40,61,2,86,3
27,70,2,86,3
26,28,2,83,3
18,62,2,77,3
13,64,2,73,3
27,43,2,85,3
25,66,2,81,3
25,62,2,87,3
26,69,2,67,3
10,64,2,67,3
26,46,2,69,3
33,63,2,84,3
27,74,2,86,3
42,62,2,75,3
27,79,2,66,3
29,64,2,61,3
26,36,2,72,3
26,68,2,78,3
37,60,2,86,3
15,62,2,71,3
39,64,2,73,3
27,79,2,66,3
38,61,2,84,3
45,64,2,66,3
27,44,2,76,3
28,65,2,84,3
27,56,2,66,3
25,48,2,78,3
26,27,2,84,3
25,57,2,64,3
26,21,2,84,3
29,62,2,74,3
26,22,2,64,3
27,61,2,71,3
25,51,2,71,3
26,72,2,79,3
41,61,2,69,3
27,47,2,80,3
25,72,2,67,3
19,60,2,73,3
34,60,2,72,3
16,64,2,62,3
17,61,2,81,3
27,29,2,82,3
25,29,2,62,3
26,49,2,65,3
25,46,2,84,3
26,26,2,79,3
27,22,2,74,3
26,75,2,65,3
26,47,2,70,3
26,38,2,73,3
27,22,2,63,3
26,75,2,69,3
46,63,2,81,3
10,64,2,64,3
13,64,2,63,3
30,64,2,85,3
48,61,2,65,3
44,61,2,76,3
33,60,2,80,3
26,53,2,65,3
27,54,2,72,3
38,60,2,76,3
27,25,2,89,3
25,77,2,80,3
26,75,2,74,3
27,54,2,76,3
26,20,2,76,3
27,58,2,64,3
27,46,2,60,3
27,47,2,80,3
25,23,2,66,3
37,63,2,76,3
27,31,2,85,3
31,64,2,76,3
26,61,2,77,3
26,33,2,62,3
10,60,2,61,3
33,64,2,82,3
18,61,2,61,3
16,61,2,89,3
25,25,2,68,3
49,64,2,83,3
27,32,2,67,3
47,64,2,87,3
13,63,2,71,3
17,64,2,61,3
26,54,2,81,3
44,63,2,66,3
11,64,2,73,3
26,70,2,60,3
28,84,2,80,3
27,62,2,72,3
25,52,2,85,3
39,60,2,63,3
20,60,2,60,3
27,26,2,72,3
26,75,2,74,3
27,45,2,60,3
26,77,2,75,3
44,63,2,66,3
42,61,2,67,3
26,45,2,64,3
49,63,2,73,3
23,61,2,82,3
17,64,2,87,3
26,75,2,81,3
28,64,2,69,3
26,70,2,86,3
24,64,2,65,3
25,70,2,84,3
45,60,2,85,3
19,64,2,89,3
49,63,2,73,3
13,63,2,77,3
27,66,2,89,3
26,64,2,80,3
26,63,2,85,3
40,61,2,83,3
27,80,2,78,3
25,57,2,60,3
27,65,2,68,3
26,69,2,67,3
25,54,2,78,3
27,20,2,63,3
26,39,2,71,3
27,69,2,84,3
26,27,2,76,3
36,64,2,74,3
11,62,2,62,3
47,60,2,65,3
26,52,2,83,3
26,61,2,77,3
41,64,2,84,3
13,65,2,69,3
15,61,2,72,3
47,60,2,64,3
25,56,2,79,3
25,46,2,72,3
34,61,2,80,3
20,64,2,82,3
35,63,2,84,3
42,62,2,76,3
26,59,2,87,3
26,45,2,76,3
44,63,2,85,3
23,62,2,67,3
27,47,2,80,3
27,31,2,77,3
27,53,2,69,3
25,27,2,81,3
46,60,2,70,3
26,40,2,69,3
13,61,2,60,3
27,29,2,68,3
27,21,2,64,3
39,64,2,83,3
26,81,2,86,3
23,64,2,63,3
26,73,2,86,3
40,60,2,60,3
25,72,2,79,3
28,84,2,82,3
25,55,2,63,3
26,43,2,70,3
26,64,2,61,3
26,76,2,67,3
10,63,2,63,3
34,62,2,63,3
26,21,2,68,3
34,62,2,63,3
26,72,2,73,3
38,62,2,89,3
48,62,2,64,3
42,63,2,64,3
25,71,2,88,3
26,53,2,65,3
26,33,2,63,3
26,50,2,65,3
27,84,2,79,3
26,59,2,87,3
48,62,2,64,3
26,40,2,69,3
25,58,2,73,3
27,70,2,63,3
26,52,2,83,3
34,60,2,65,3
25,60,2,81,3
25,35,2,82,3
24,62,2,78,3
25,51,2,63,3
25,70,2,79,3
27,57,2,62,3
13,65,2,69,3
26,56,2,66,3
25,43,2,75,3
44,60,2,64,3
27,22,2,74,3
27,34,2,78,3
38,60,2,84,3
19,62,2,86,3
39,60,2,73,3
14,64,2,85,3
26,65,2,62,3
25,43,2,75,3
24,62,2,73,3
42,62,2,81,3
29,60,2,83,3
27,74,2,80,3
25,65,2,60,3
21,60,2,81,3
12,62,2,62,3
26,56,2,66,3
17,62,2,67,3
41,63,2,64,3
27,34,2,78,3
26,59,2,69,3
32,64,2,74,3
27,64,2,66,3
35,62,2,65,3
37,61,2,79,3
27,67,2,82,3
25,48,2,65,3
22,64,2,69,3
40,64,2,86,3
26,46,2,69,3
11,65,2,81,3
39,60,2,73,3
25,82,2,62,3
26,78,2,81,3
25,73,2,67,3
27,69,2,85,3
31,64,2,71,3
26,47,2,60,3
34,64,2,83,3
26,47,2,70,3
47,62,2,89,3
25,48,2,65,3
35,62,2,65,3
27,42,2,67,3
26,49,2,61,3
26,59,2,72,3
26,28,2,83,3
26,84,2,89,3
26,76,2,67,3
30,64,2,66,3
27,65,2,79,3
12,62,2,73,3
38,60,2,85,3
26,72,2,62,3
27,27,2,67,3
26,56,2,78,3
27,21,2,66,3
44,62,2,83,3
14,62,2,77,3
32,60,2,62,3
32,63,2,76,3
21,60,2,78,3
26,40,2,89,3
27,32,2,67,3
15,60,2,61,3
46,61,2,67,3
15,61,2,72,3
27,30,2,80,3
19,60,2,67,3
26,80,2,84,3
27,35,2,84,3
26,80,2,86,3
26,23,2,72,3
17,61,2,62,3
26,20,3,89,3
37,65,2,70,3
34,60,2,60,3
27,52,2,60,3
26,53,2,87,3
26,72,2,61,3
48,61,2,65,3
10,61,2,79,3
45,60,2,66,3
48,64,2,89,3
14,61,2,76,3
18,63,2,89,3
27,70,2,87,3
40,65,2,75,3
27,31,2,79,3
27,31,2,77,3
14,63,2,88,3
28,62,2,77,3
27,20,2,63,3
39,60,2,69,3
27,61,2,71,3
25,75,2,75,3
26,75,2,67,3
41,62,2,89,3
16,62,2,84,3
10,61,2,82,3
12,63,2,84,3
27,36,2,74,3
26,68,2,74,3
27,80,2,70,3
27,64,2,89,3
25,41,2,64,3
27,84,2,71,3
38,60,2,76,3
26,75,2,74,3
30,64,2,66,3
25,37,2,62,3
26,82,2,82,3
25,25,2,71,3
46,61,2,82,3
44,62,2,77,3
26,80,2,77,3
40,65,2,75,3
27,63,2,60,3
31,60,2,78,3
29,61,2,64,3
36,64,2,74,3
33,65,2,61,3
27,84,2,88,3
25,75,2,75,3
27,23,2,68,3
44,62,2,66,3
21,63,2,79,3
12,62,2,64,3
38,60,2,71,3
28,65,2,81,3
14,60,2,74,3
26,75,2,80,3
37,62,2,81,3
26,46,2,67,3
39,63,2,83,3
26,33,2,63,3
13,64,2,87,3
28,62,2,71,3
27,62,2,82,3
20,63,2,68,3
38,60,2,85,3
15,62,2,89,3
23,61,2,82,3
38,62,2,85,3
49,64,2,77,3
12,63,2,65,3
37,60,2,86,3
27,73,2,87,3
46,60,2,70,3
25,61,2,66,3
18,61,2,66,3
26,32,2,86,3
26,25,2,80,3
36,63,2,84,3
15,64,2,88,3
12,64,2,67,3
44,63,2,66,3
11,64,2,73,3
25,59,2,85,3
21,62,2,70,3
26,56,2,77,3
27,32,2,82,3
26,47,2,89,3
27,42,2,77,3
23,63,2,69,3
25,70,2,84,3
27,56,2,83,3
26,25,2,65,3
42,61,2,67,3
42,63,2,64,3
26,79,2,61,3
31,60,2,81,3
27,59,2,62,3
27,29,2,71,3
39,61,2,67,3
15,61,2,65,3
45,63,2,79,3
25,43,2,87,3
21,60,2,78,3
26,23,2,80,3
23,61,2,89,3
37,61,2,79,3
25,37,2,76,3
28,64,2,69,3
26,49,2,86,3
24,62,2,78,3
10,61,2,88,3
36,61,2,82,3
26,27,2,84,3
38,64,2,84,3
26,47,2,72,3
23,62,2,85,3
31,60,2,81,3
32,64,2,74,3
28,29,2,77,3
32,63,2,76,3
41,62,2,87,3
27,50,2,61,3
27,55,2,71,3
23,62,2,81,3
27,29,2,69,3
23,62,2,82,3
32,63,2,61,3
27,42,2,67,3
26,45,2,89,3
26,75,2,67,3
42,61,2,70,3
30,61,2,89,3
36,64,2,71,3
26,45,2,76,3
25,33,2,69,3
27,83,2,77,3
26,43,2,67,3
25,23,2,66,3
16,60,2,68,3
10,64,2,64,3
25,59,2,87,3
47,63,2,85,3
17,61,2,62,3
46,65,2,69,3
19,62,2,63,3
27,80,2,70,3
19,62,2,63,3
18,60,2,65,3
26,38,2,73,3
26,61,2,60,3
14,64,2,85,3
27,70,2,87,3
27,80,2,70,3
44,62,2,66,3
17,60,2,82,3
28,40,2,67,3
27,22,2,74,3
15,60,2,61,3
26,23,2,87,3
13,61,2,70,3
44,64,2,66,3
28,40,2,70,3
25,64,2,87,3
26,38,2,72,3
25,34,2,74,3
26,67,2,80,3
27,35,2,67,3
26,25,2,80,3
30,62,2,66,3
44,61,2,68,3
27,36,2,85,3
42,63,2,64,3
24,64,2,65,3
23,62,2,82,3
34,60,2,65,3
27,57,2,89,3
25,65,2,62,3
25,72,2,84,3
25,45,2,67,3
15,65,2,63,3
45,64,2,81,3
43,61,2,80,3
26,43,2,70,3
12,63,2,77,3
27,64,2,72,3
32,61,2,60,3
20,64,2,67,3
25,62,2,71,3
37,62,2,65,3
25,79,2,86,3
27,82,2,69,3
27,57,2,86,3
27,52,2,74,3
27,55,2,62,3
11,60,2,84,3
25,51,2,63,3
30,60,2,67,3
27,53,2,69,3
27,41,2,65,3
26,40,2,80,3
42,61,2,84,3
26,73,2,83,3
25,83,2,60,3
27,56,2,66,3
28,62,2,77,3
27,60,2,86,3
43,60,2,86,3
27,84,2,71,3
30,64,2,61,3
18,61,2,66,3
26,39,2,77,3
18,63,2,89,3
19,64,2,71,3
25,37,2,60,3
22,62,2,86,3
27,45,2,63,3
11,65,2,81,3
26,60,2,65,3
26,28,2,83,3
26,73,2,68,3
27,34,2,60,3
27,64,2,66,3
27,82,2,69,3
27,82,2,87,3
28,25,2,66,3
26,61,2,67,3
25,55,2,60,3
25,71,2,81,3
27,83,2,79,3
40,62,2,65,3
25,37,2,62,3
16,61,2,61,3
25,32,2,87,3
37,60,2,61,3
25,36,2,64,3
27,68,2,78,3
27,39,2,79,3
27,59,2,61,3
26,46,2,87,3
26,38,2,62,3
26,65,2,88,3
26,47,2,72,3
27,64,2,80,3
25,25,2,68,3
11,60,2,70,3
32,63,2,72,3
25,59,2,87,3
26,53,2,65,3
27,52,2,60,3
25,34,2,74,3
14,61,2,66,3
44,60,2,85,3
27,80,2,70,3
49,63,2,86,3
28,52,1,49,4
40,65,1,39,4
29,30,1,41,4
13,67,1,48,4
29,51,1,48,4
28,23,1,47,4
15,67,1,53,4
29,66,1,37,4
29,54,1,54,4
39,65,1,48,4
29,77,1,39,4
46,66,1,36,4
32,67,1,55,4
45,68,1,47,4
29,45,1,34,4
49,68,1,42,4
48,69,1,37,4
28,36,1,59,4
49,65,1,58,4
28,82,1,47,4
29,42,1,49,4
28,78,1,32,4
40,68,1,59,4
29,76,1,43,4
13,65,1,53,4
11,67,1,35,4
28,22,1,52,4
11,67,1,35,4
33,68,1,33,4
29,39,1,37,4
29,48,1,31,4
29,66,1,40,4
29,47,1,35,4
28,76,1,42,4
28,78,1,30,4
34,68,1,30,4
45,65,1,37,4
31,65,1,45,4
45,67,1,50,4
28,83,1,47,4
17,69,1,58,4
29,80,1,58,4
29,37,1,45,4
32,67,1,55,4
16,68,1,30,4
18,67,1,48,4
37,65,1,46,4
29,69,1,43,4
31,65,1,45,4
28,70,1,30,4
44,67,1,56,4
36,68,1,53,4
38,69,1,52,4
12,66,1,58,4
28,82,1,37,4
18,68,1,45,4
28,84,1,34,4
21,68,1,58,4
28,69,1,54,4
28,28,1,56,4
29,28,1,33,4
18,65,1,53,4
33,66,1,55,4
36,69,1,55,4
38,65,1,35,4
29,57,1,53,4
28,35,1,58,4
29,25,1,34,4
29,31,1,54,4
33,69,1,44,4
43,68,1,51,4
24,68,1,55,4
42,66,1,36,4
29,30,1,47,4
43,65,1,34,4
30,66,1,54,4
30,68,1,51,4
29,76,1,32,4
43,68,1,39,4
15,67,1,49,4
28,38,1,52,4
28,51,1,39,4
28,40,1,34,4
37,67,1,58,4
36,68,1,59,4
14,68,1,36,4
28,72,1,41,4
39,69,1,49,4
19,69,1,41,4
13,66,1,46,4
49,68,1,35,4
14,66,1,56,4
34,67,1,56,4
29,21,1,42,4
30,67,1,48,4
28,24,1,36,4
31,69,1,53,4
41,68,1,40,4
31,67,1,50,4
28,71,1,50,4
28,34,1,43,4
28,26,1,53,4
12,68,1,33,4
29,21,1,42,4
24,69,1,49,4
35,69,1,30,4
28,51,1,32,4
34,68,1,32,4
44,69,1,40,4
24,67,1,52,4
29,83,1,44,4
28,20,1,42,4
31,68,1,36,4
24,70,1,58,4
35,67,1,58,4
35,67,1,31,4
29,54,1,37,4
35,66,1,59,4
37,67,1,58,4
29,28,1,31,4
28,25,1,38,4
29,36,1,36,4
12,68,1,30,4
21,66,1,41,4
29,35,1,41,4
17,69,1,46,4
10,65,1,39,4
29,53,1,52,4
29,42,1,39,4
28,72,1,41,4
13,65,1,53,4
29,38,1,30,4
20,67,1,40,4
23,65,1,34,4
42,67,1,37,4
28,47,1,32,4
19,65,1,36,4
41,68,1,40,4
12,67,1,38,4
20,68,1,47,4
35,67,1,58,4
14,69,1,32,4
12,69,1,46,4
46,67,1,46,4
28,59,1,37,4
22,66,1,53,4
18,67,1,38,4
36,65,1,56,4
40,65,1,31,4
29,57,1,53,4
12,66,1,58,4
43,67,1,46,4
39,66,1,40,4
43,65,1,32,4
18,68,1,58,4
11,69,1,56,4
24,69,1,49,4
13,67,1,58,4
46,66,1,53,4
46,65,1,55,4
31,65,1,51,4
17,68,1,56,4
40,66,1,56,4
11,67,1,31,4
40,65,1,43,4
11,65,1,42,4
21,67,1,43,4
29,25,1,58,4
29,31,1,54,4
29,24,1,56,4
29,26,1,49,4
21,65,1,38,4
31,68,1,36,4
30,83,1,41,4
28,48,1,37,4
23,68,1,57,4
36,69,1,55,4
15,67,1,53,4
28,57,1,43,4
20,69,1,53,4
28,42,1,34,4
38,67,1,49,4
11,67,1,31,4
29,56,1,49,4
29,21,1,38,4
29,28,1,33,4
28,31,1,36,4
28,59,1,37,4
49,67,1,55,4
28,59,1,41,4
18,65,1,34,4
28,20,1,48,4
29,22,1,50,4
28,36,1,34,4
28,69,1,54,4
40,67,1,57,4
15,68,1,57,4
34,66,1,38,4
28,51,1,31,4
20,67,1,40,4
19,68,1,51,4
28,46,1,49,4
28,59,1,41,4
18,68,1,40,4
31,69,1,53,4
21,65,1,31,4
29,78,1,40,4
29,70,1,42,4
36,69,1,55,4
31,68,1,37,4
12,68,1,42,4
13,68,1,56,4
29,50,1,37,4
35,69,1,30,4
28,69,1,54,4
11,69,1,56,4
38,66,1,58,4
14,66,1,56,4
30,68,1,45,4
29,45,1,34,4
29,24,1,56,4
19,65,1,40,4
10,68,1,57,4
12,68,1,57,4
29,33,1,54,4
28,67,1,54,4
33,68,1,33,4
29,66,1,30,4
28,59,1,46,4
30,32,1,54,4
28,53,1,35,4
35,65,1,39,4
38,65,1,35,4
38,68,1,46,4
18,65,1,34,4
40,68,1,36,4
28,69,1,54,4
29,68,1,53,4
30,69,1,53,4
28,55,1,35,4
28,49,1,44,4
47,69,1,52,4
16,68,1,36,4
17,65,1,35,4
43,69,1,37,4
31,69,1,53,4
28,20,1,48,4
46,66,1,53,4
14,65,1,35,4
29,32,1,38,4
29,35,1,55,4
49,66,1,50,4
40,68,1,59,4
29,42,1,51,4
20,65,1,39,4
48,69,1,37,4
33,65,1,45,4
34,65,1,31,4
29,51,1,57,4
44,68,1,44,4
44,67,1,56,4
23,65,1,54,4
18,65,1,53,4
38,65,1,46,4
29,75,1,55,4
10,68,1,30,4
29,21,1,32,4
21,66,1,30,4
18,65,1,33,4
29,31,1,46,4
30,67,1,49,4
12,67,1,54,4
28,36,1,42,4
42,68,1,33,4
15,67,1,37,4
12,68,1,30,4
17,66,1,55,4
28,51,1,53,4
32,65,1,53,4
49,67,1,38,4
28,59,1,47,4
21,66,1,35,4
24,69,1,34,4
12,65,1,39,4
10,65,1,49,4
22,68,1,57,4
28,23,1,33,4
28,73,1,51,4
31,65,2,59,4
29,75,1,55,4
28,38,1,43,4
28,54,1,55,4
37,70,1,52,4
32,68,1,53,4
23,65,1,54,4
29,30,1,38,4
29,35,1,41,4
20,68,1,57,4
32,66,1,41,4
29,68,1,38,4
29,84,1,31,4
28,34,1,43,4
29,42,1,51,4
28,50,1,36,4
29,57,1,53,4
28,82,1,38,4
38,68,1,54,4
10,68,1,57,4
39,67,1,30,4
28,78,1,39,4
46,65,1,55,4
43,65,1,51,4
29,57,1,59,4
28,57,1,41,4
29,46,1,51,4
17,68,1,31,4
30,73,1,39,4
30,55,1,47,4
13,68,1,44,4
10,70,1,30,4
31,68,1,48,4
14,70,1,36,4
11,69,1,57,4
29,57,1,55,4
28,34,1,38,4
34,69,1,53,4
10,65,1,39,4
11,69,1,57,4
22,69,1,31,4
28,21,1,37,4
44,67,1,44,4
28,28,1,34,4
28,69,1,56,4
49,67,1,55,4
16,68,1,58,4
48,65,1,32,4
28,74,1,58,4
28,52,1,49,4
43,67,1,46,4
29,40,1,40,4
35,69,1,53,4
43,67,1,42,4
29,81,1,34,4
30,45,1,56,4
36,66,1,33,4
11,67,1,35,4
29,82,1,55,4
18,65,1,34,4
22,68,1,53,4
33,69,1,40,4
33,66,1,49,4
21,68,1,57,4
46,68,1,47,4
23,68,1,57,4
28,40,1,59,4
32,66,1,59,4
47,69,1,59,4
44,67,1,44,4
22,68,1,36,4
20,68,1,47,4
36,69,1,44,4
45,67,1,57,4
28,77,1,55,4
49,69,1,33,4
28,35,1,58,4
28,59,1,57,4
29,56,1,46,4
14,65,1,35,4
30,69,1,30,4
10,66,1,33,4
37,65,1,30,4
44,66,1,39,4
43,68,1,51,4
12,68,1,42,4
29,40,1,44,4
29,37,1,43,4
10,67,1,42,4
48,66,1,56,4
29,67,1,35,4
28,57,1,38,4
28,41,1,48,4
37,65,1,46,4
31,65,2,59,4
28,46,1,41,4
29,73,1,30,4
18,67,1,48,4
12,67,1,53,4
49,65,1,37,4
28,70,1,30,4
28,79,2,59,4
29,69,1,32,4
14,68,1,42,4
15,67,1,39,4
29,26,1,32,4
28,44,1,54,4
35,67,1,31,4
14,67,1,35,4
20,69,2,59,4
18,66,1,32,4
41,67,1,56,4
38,66,1,47,4
29,38,1,34,4
29,47,1,54,4
30,45,1,56,4
29,54,1,37,4
29,75,1,38,4
28,47,1,53,4
29,36,1,35,4
29,25,1,34,4
29,57,1,59,4
37,65,1,58,4
29,31,1,45,4
13,70,1,36,4
28,44,1,54,4
48,66,1,56,4
12,69,1,46,4
20,65,1,46,4
22,68,1,40,4
39,66,1,39,4
11,69,1,32,4
29,37,1,47,4
49,69,1,54,4
40,67,1,37,4
46,69,1,34,4
20,67,1,41,4
43,66,1,39,4
11,67,1,31,4
23,69,1,39,4
39,66,1,39,4
29,24,1,31,4
34,69,1,42,4
28,34,1,57,4
45,67,1,45,4
30,67,1,49,4
18,69,1,54,4
20,68,1,35,4
31,65,1,56,4
35,69,1,30,4
22,69,1,31,4
29,27,1,38,4
28,44,1,46,4
17,69,1,55,4
41,69,1,32,4
29,22,1,30,4
29,25,1,40,4
47,66,1,56,4
39,65,1,59,4
29,23,1,33,4
40,66,1,43,4
48,67,1,47,4
34,68,1,32,4
22,69,1,31,4
18,66,1,33,4
12,68,1,46,4
19,68,1,48,4
28,78,1,32,4
29,25,1,34,4
11,69,1,32,4
35,65,1,40,4
28,76,1,42,4
30,69,1,48,4
49,67,1,45,4
14,66,1,58,4
41,68,1,35,4
32,65,1,48,4
28,41,1,48,4
11,69,1,57,4
29,70,1,50,4
28,28,1,56,4
43,69,2,59,4
16,65,1,35,4
29,81,1,53,4
45,65,1,43,4
17,68,1,39,4
13,65,1,53,4
47,69,1,31,4
28,24,1,34,4
28,48,1,37,4
48,68,1,41,4
49,68,1,53,4
28,82,1,43,4
49,67,1,38,4
19,67,1,46,4
41,68,1,35,4
43,67,1,59,4
30,36,1,45,4
38,69,1,30,4
43,65,1,32,4
29,31,1,54,4
43,65,1,51,4
17,68,1,31,4
28,23,1,33,4
16,67,1,31,4
10,69,1,47,4
44,69,1,42,4
46,65,1,58,4
37,66,1,39,4
29,58,1,48,4
22,68,1,57,4
29,54,1,59,4
28,67,1,37,4
20,69,1,50,4
20,69,2,59,4
29,73,1,30,4
44,69,1,49,4
22,69,1,37,4
31,68,1,41,4
32,66,1,34,4
14,68,1,36,4
19,65,1,42,4
44,69,1,34,4
42,66,1,31,4
28,48,1,37,4
48,67,1,57,4
31,68,1,41,4
40,66,1,56,4
28,45,1,34,4
32,68,1,33,4
29,46,1,43,4
28,67,1,41,4
29,25,1,40,4
35,65,1,53,4
28,76,1,38,4
29,82,1,51,4
28,24,1,34,4
28,53,1,35,4
39,67,1,30,4
12,68,1,33,4
45,67,1,57,4
29,30,1,53,4
28,32,1,55,4
24,65,1,32,4
28,42,1,32,4
22,68,1,40,4
30,67,1,57,4
29,78,1,34,4
14,69,1,30,4
34,68,1,32,4
41,66,1,51,4
30,32,1,54,4
28,78,1,32,4
40,65,1,31,4
29,66,1,30,4
28,57,1,41,4
43,69,1,37,4
29,70,1,50,4
35,65,1,53,4
28,53,1,59,4
14,68,1,51,4
35,69,1,53,4
46,65,1,30,4
49,67,1,45,4
29,54,1,53,4
18,66,1,32,4
29,82,1,33,4
28,38,1,43,4
49,67,1,38,4
11,65,1,54,4
28,80,1,51,4
28,31,1,36,4
28,69,1,56,4
29,55,1,58,4
35,68,1,39,4
29,40,1,40,4
48,69,1,57,4
29,68,1,44,4
29,66,1,30,4
17,66,1,52,4
28,53,1,59,4
41,65,1,30,4
32,66,1,41,4
28,37,1,40,4
13,65,1,37,4
29,23,1,53,4
28,59,1,57,4
11,69,1,56,4
29,21,1,38,4
24,69,1,49,4
35,69,1,35,4
30,67,1,57,4
21,66,1,41,4
29,28,1,42,4
45,65,1,44,4
21,68,1,42,4
29,31,1,54,4
15,69,1,45,4
29,77,1,39,4
30,67,1,50,4
28,53,1,35,4
44,68,1,58,4
45,65,1,44,4
48,65,1,33,4
40,66,1,39,4
28,41,1,53,4
28,23,1,33,4
40,68,1,36,4
32,66,1,42,4
12,67,1,54,4
10,69,2,59,4
19,68,1,43,4
28,37,1,51,4
43,66,1,30,4
40,65,1,50,4
28,36,1,45,4
18,65,1,33,4
28,23,1,33,4
23,69,1,49,4
29,49,1,43,4
34,68,1,30,4
20,69,1,45,4
28,48,1,59,4
10,66,1,38,4
31,65,1,33,4
14,67,1,35,4
23,67,1,36,4
35,68,1,39,4
43,66,1,30,4
10,66,1,50,4
43,66,1,30,4
35,67,1,58,4
29,47,1,50,4
33,65,1,56,4
19,67,1,46,4
33,68,1,49,4
22,69,1,31,4
29,76,1,54,4
12,68,1,33,4
17,65,1,48,4
29,35,1,41,4
41,65,1,35,4
20,68,1,57,4
39,68,1,54,4
28,35,1,38,4
39,66,1,38,4
29,56,1,49,4
17,65,1,35,4
29,49,1,43,4
14,69,1,38,4
40,66,1,39,4
43,65,1,51,4
28,28,1,53,4
21,65,1,48,4
29,23,1,51,4
12,69,1,58,4
15,68,1,32,4
14,70,1,36,4
29,67,1,51,4
45,68,1,44,4
48,68,1,36,4
29,73,1,47,4
18,66,1,42,4
22,69,1,54,4
28,72,1,51,4
19,67,1,52,4
29,44,1,59,4
28,38,1,37,4
31,67,1,50,4
18,65,1,38,4
33,66,1,49,4
43,69,1,37,4
10,69,1,54,4
29,67,1,47,4
33,69,1,56,4
18,65,1,38,4
12,69,1,46,4
28,67,1,41,4
29,83,1,42,4
13,66,1,31,4
35,69,1,35,4
12,68,1,57,4
29,69,1,37,4
29,77,1,39,4
29,38,1,34,4
29,83,1,44,4
35,66,1,59,4
43,69,1,37,4
49,67,1,45,4
30,67,1,49,4
40,68,1,43,4
28,48,1,59,4
24,67,1,42,4
39,65,1,59,4
28,24,1,36,4
29,80,1,54,4
48,67,1,34,4
28,35,1,38,4
18,69,1,54,4
31,65,1,33,4
28,29,1,49,4
31,65,1,33,4
29,55,1,58,4
29,73,1,36,4
28,36,1,59,4
28,35,1,44,4
21,66,1,56,4
28,34,1,43,4
41,65,1,31,4
40,69,1,52,4
39,67,1,30,4
31,67,1,46,4
45,68,1,47,4
29,21,1,38,4
28,77,1,55,4
33,66,1,44,4
12,69,1,58,4
28,57,1,41,4
12,67,1,54,4
29,23,1,35,4
29,79,1,51,4
29,55,1,30,4
29,50,1,43,4
18,67,1,48,4
28,33,1,47,4
41,67,1,56,4
44,68,1,52,4
29,73,1,47,4
29,28,1,42,4
45,70,1,36,4
29,53,1,52,4
17,66,1,52,4
28,31,1,36,4
28,69,1,39,4
30,49,1,36,4
29,34,1,56,4
31,65,1,57,4
10,66,1,58,4
28,79,1,59,4
48,68,1,36,4
41,68,1,35,4
12,69,1,47,4
39,66,1,40,4
28,56,1,37,4
42,69,1,41,4
12,65,1,41,4
46,67,1,46,4
10,66,1,45,4
29,84,1,36,4
29,82,1,33,4
29,73,1,30,4
10,65,1,49,4
23,69,1,56,4
28,76,1,34,4
12,66,1,49,4
22,66,1,47,4
22,68,1,44,4
44,66,1,39,4
29,82,1,51,4
37,66,1,41,4
36,68,1,38,4
29,80,1,58,4
29,37,1,56,4
21,66,1,35,4
29,26,1,56,4
18,65,1,33,4
28,83,1,47,4
14,66,1,48,4
19,65,1,36,4
28,37,1,40,4
44,67,1,50,4
29,77,1,49,4
29,22,1,30,4
28,21,1,37,4
49,69,1,44,4
37,65,1,58,4
21,68,1,58,4
28,53,1,35,4
10,66,1,31,4
38,68,1,54,4
43,66,1,39,4
10,69,1,54,4
29,34,1,56,4
28,26,1,45,4
34,68,1,30,4
20,68,1,35,4
18,69,1,48,4
38,69,1,52,4
18,65,1,53,4
40,66,1,37,4
35,65,1,31,4
29,66,1,52,4
14,68,1,51,4
28,54,1,55,4
43,69,1,45,4
29,42,1,51,4
34,68,1,57,4
28,24,1,36,4
17,65,1,51,4
29,21,1,42,4
30,27,1,40,4
28,46,1,49,4
30,67,1,49,4
31,65,1,51,4
33,65,1,41,4
14,69,1,40,4
31,67,1,36,4
29,83,1,44,4
48,65,1,47,4
42,69,1,50,4
29,52,1,50,4
29,43,2,59,4
28,74,1,31,4
35,67,1,31,4
35,69,1,53,4
37,67,1,30,4
28,51,1,39,4
17,69,1,43,4
29,79,1,38,4
13,68,1,37,4
21,65,1,49,4
29,77,1,39,4
43,67,1,59,4
28,29,1,49,4
29,58,1,43,4
34,69,1,42,4
29,30,1,47,4
43,65,1,51,4
29,73,1,58,4
46,66,1,56,4
48,68,1,36,4
35,68,1,39,4
13,65,1,30,4
10,68,1,34,4
14,69,1,38,4
23,69,1,49,4
49,69,1,39,4
15,67,1,53,4
28,74,1,31,4
12,69,1,58,4
32,66,1,59,4
43,67,1,59,4
29,56,1,49,4
29,32,1,38,4
29,69,1,37,4
39,66,1,39,4
33,69,1,40,4
29,38,1,32,4
11,67,1,35,4
29,59,1,55,4
29,42,1,51,4
17,66,1,55,4
39,65,1,40,4
28,82,1,38,4
46,67,1,33,4
22,67,1,33,4
28,74,1,49,4
20,69,1,44,4
30,45,1,56,4
17,65,1,48,4
28,77,1,46,4
28,38,1,43,4
44,65,1,48,4
47,68,1,34,4
21,67,1,38,4
29,52,1,50,4
29,50,1,57,4
43,69,1,56,4
29,81,1,53,4
28,71,1,59,4
49,69,1,39,4
29,46,1,51,4
30,82,1,31,4
28,57,1,39,4
18,68,1,45,4
28,58,1,45,4
28,34,1,38,4
37,68,1,48,4
28,54,1,55,4
28,52,1,56,4
39,65,1,59,4
29,28,1,42,4
46,66,1,36,4
28,82,1,47,4
28,79,2,59,4
46,69,1,56,4
38,66,1,58,4
23,67,1,33,4
29,24,1,56,4
35,65,1,40,4
28,59,1,57,4
12,67,1,38,4
29,80,1,54,4
42,67,1,37,4
22,68,1,40,4
10,67,1,42,4
29,78,1,34,4
29,68,1,38,4
31,67,1,46,4
33,69,1,56,4
14,68,1,50,4
28,55,1,35,4
31,68,1,44,4
28,46,1,41,4
41,66,1,51,4
15,69,1,40,4
38,65,1,47,4
29,70,1,50,4
29,76,1,32,4
11,68,1,54,4
29,44,1,45,4
29,23,1,53,4
28,84,1,42,4
45,65,1,44,4
14,69,1,32,4
49,66,1,43,4
45,67,1,32,4
34,68,1,32,4
10,67,1,42,4
23,68,1,49,4
31,68,1,49,4
20,65,1,46,4
44,68,1,44,4
36,69,1,44,4
29,76,1,46,4
45,66,1,56,4
31,65,1,57,4
44,69,1,34,4
41,69,1,30,4
29,49,1,30,4
30,49,1,36,4
14,70,1,36,4
28,45,1,34,4
29,57,1,34,4
35,65,1,31,4
38,68,1,46,4
28,82,1,37,4
28,34,1,48,4
29,57,1,34,4
20,69,1,50,4
36,65,1,33,4
28,58,1,45,4
12,67,1,54,4
29,34,1,49,4
24,67,1,34,4
32,66,1,41,4
14,67,1,35,4
33,65,1,41,4
29,76,1,54,4
17,65,1,51,4
29,54,1,37,4
21,67,1,38,4
29,47,1,49,4
38,69,1,33,4
29,74,1,53,4
19,65,1,58,4
29,58,1,39,4
10,68,1,46,4
20,67,1,41,4
28,57,1,41,4
28,81,1,42,4
37,69,1,54,4
11,66,1,34,4
39,67,1,43,4
28,42,1,34,4
21,65,1,38,4
29,25,1,31,4
40,68,1,59,4
29,73,1,36,4
19,69,1,52,4
43,67,1,59,4
35,65,1,53,4
20,69,1,37,4
36,68,1,45,4
28,43,1,43,4
28,23,1,33,4
39,66,1,39,4
37,66,1,41,4
28,24,1,36,4
48,68,1,41,4
28,73,1,57,4
29,57,1,53,4
29,38,1,37,4
29,75,1,55,4
43,68,1,39,4
49,67,1,45,4
16,65,1,56,4
24,66,1,38,4
29,51,1,57,4
44,69,1,42,4
28,35,1,51,4
18,65,1,38,4
30,66,1,54,4
29,44,1,33,4
16,65,1,59,4
16,67,1,40,4
45,70,1,36,4
33,69,1,56,4
20,68,1,47,4
18,66,1,33,4
21,68,1,31,4
28,24,1,36,4
29,28,1,42,4
20,68,1,57,4
29,51,1,57,4
18,69,1,51,4
14,68,1,36,4
48,68,1,41,4
29,55,1,58,4
28,45,1,43,4
45,68,1,48,4
29,22,1,30,4
38,65,1,47,4
28,59,1,46,4
29,53,1,52,4
29,52,1,40,4
39,65,1,34,4
21,68,1,31,4
41,65,1,30,4
30,27,1,40,4
40,67,1,37,4
37,68,1,32,4
29,46,1,58,4
33,65,1,45,4
28,70,1,32,4
22,69,1,31,4
48,68,1,36,4
40,68,1,36,4
29,21,1,49,4
48,66,1,38,4
14,69,1,38,4
18,66,1,33,4
28,23,1,58,4
49,69,1,39,4
20,69,2,59,4
11,65,1,42,4
29,34,1,50,4
28,78,1,43,4
30,67,1,50,4
29,57,1,34,4
29,73,1,36,4
12,67,1,38,4
31,67,1,32,4
40,65,1,38,4
23,69,1,49,4
41,69,1,32,4
11,67,1,35,4
29,67,1,47,4
29,65,1,36,4
19,69,1,41,4
29,40,1,40,4
49,67,1,52,4
10,66,1,44,4
18,65,1,53,4
28,45,1,43,4
33,68,1,49,4
23,67,1,33,4
18,69,1,51,4
29,80,1,54,4
30,67,1,49,4
29,66,1,37,4
23,65,1,47,4
36,68,1,38,4
19,68,2,59,4
29,80,1,42,4
39,66,1,38,4
48,67,1,38,4
10,67,1,33,4
13,67,1,44,4
12,68,1,42,4
28,45,1,43,4
11,66,1,34,4
29,67,1,35,4
29,58,1,43,4
12,68,1,46,4
30,82,1,31,4
29,30,1,53,4
29,76,1,43,4
42,67,1,37,4
31,65,1,45,4
30,83,1,41,4
43,65,1,51,4
38,68,1,46,4
49,69,1,33,4
28,24,1,32,4
11,69,1,56,4
33,65,1,45,4
48,69,1,57,4
14,69,1,40,4
36,69,1,34,4
45,70,1,54,4
34,67,1,41,4
28,67,1,41,4
30,68,1,45,4
14,69,1,30,4
31,65,2,59,4
33,66,1,48,4
29,23,1,53,4
28,44,1,34,4
31,65,1,56,4
29,25,1,58,4
38,69,1,52,4
45,69,1,38,4
29,25,1,58,4
28,53,1,33,4
33,69,1,44,4
29,66,1,37,4
28,24,1,36,4
29,46,1,51,4
31,70,1,44,4
28,36,1,49,4
29,50,1,57,4
45,69,1,57,4
14,66,1,58,4
14,65,1,35,4
17,68,1,56,4
42,68,1,33,4
35,68,1,53,4
36,69,1,50,4
24,68,1,55,4
38,69,1,48,4
29,47,1,46,4
29,38,1,34,4
29,49,1,43,4
12,68,1,55,4
24,68,1,30,4
12,67,1,54,4
30,67,1,49,4
21,67,1,38,4
18,66,1,33,4
11,67,1,35,4
16,68,1,36,4
19,65,1,36,4
35,66,1,48,4
28,36,1,59,4
43,67,1,42,4
29,73,1,58,4
30,29,1,57,4
48,67,1,51,4
30,67,1,41,4
42,68,1,33,4
30,68,1,51,4
13,65,1,37,4
29,58,1,38,4
47,68,1,54,4
29,77,1,49,4
29,73,1,58,4
24,65,1,32,4
14,68,1,43,4
21,68,1,57,4
49,69,1,42,4
28,58,1,40,4
40,68,1,31,4
30,36,1,43,4
13,67,1,44,4
29,57,1,43,4
11,65,1,42,4
33,68,1,49,4
23,67,1,33,4
42,67,1,37,4
29,34,1,50,4
49,69,1,39,4
15,66,1,50,4
30,32,1,54,4
35,67,1,58,4
30,67,1,59,4
23,69,1,39,4
30,32,1,54,4
43,69,1,56,4
33,69,1,40,4
37,68,1,48,4
10,67,1,50,4
35,69,1,42,4
22,66,1,47,4
28,51,1,31,4
29,81,1,34,4
31,65,2,59,4
41,66,1,51,4
28,57,1,52,4
28,38,1,52,4
44,66,1,39,4
39,66,1,31,4
29,31,1,45,4
29,58,1,43,4
47,68,1,54,4
10,66,1,33,4
29,26,1,59,4
49,67,1,30,4
29,26,1,56,4
28,24,1,34,4
14,69,1,32,4
15,67,1,57,4
41,69,1,30,4
42,68,1,33,4
15,69,1,45,4
40,66,1,43,4
30,66,1,54,4
29,54,1,40,4
29,24,1,56,4
28,23,1,33,4
16,66,1,41,4
29,33,1,54,4
24,67,1,34,4
29,78,1,40,4
24,68,1,44,4
28,47,1,53,4
23,65,1,34,4
29,42,1,39,4
23,65,1,34,4
43,68,1,39,4
29,50,1,43,4
28,42,1,32,4
19,65,1,36,4
32,69,1,40,4
29,69,1,32,4
44,69,1,49,4
29,50,1,43,4
29,54,1,40,4
29,58,1,43,4
28,59,1,57,4
29,37,1,45,4
30,66,1,45,4
12,68,1,54,4
28,69,1,54,4
29,26,1,59,4
29,69,1,37,4
17,69,1,46,4
46,67,1,33,4
20,65,1,39,4
29,66,1,52,4
40,68,1,59,4
37,69,1,54,4
19,68,1,43,4
17,69,1,46,4
15,67,1,39,4
14,67,1,35,4
47,68,1,34,4
28,65,1,50,4
20,68,1,35,4
19,67,1,46,4
29,69,1,37,4
29,73,1,36,4
46,67,1,33,4
20,68,1,52,4
29,58,1,31,4
17,65,1,35,4
28,49,1,44,4
10,66,1,50,4
29,80,1,42,4
40,68,1,59,4
40,69,1,59,4
38,68,1,36,4
29,67,1,47,4
23,69,1,57,4
22,67,1,33,4
13,67,1,48,4
12,68,1,55,4
11,65,1,37,4
29,36,1,38,4
29,27,1,49,4
36,69,1,34,4
28,47,1,53,4
10,65,1,53,4
14,65,1,39,4
44,70,1,59,4
28,39,1,57,4
29,52,1,40,4
38,66,1,47,4
28,45,1,43,4
39,66,1,38,4
49,69,1,44,4
11,69,1,56,4
38,69,1,30,4
49,69,1,42,4
49,68,1,42,4
33,66,1,49,4
36,65,1,50,4
23,66,1,45,4
16,68,1,58,4
28,22,1,52,4
10,67,1,42,4
16,68,1,43,4
28,59,1,57,4
34,69,1,42,4
21,69,1,34,4
29,45,1,34,4
29,83,1,42,4
18,66,1,33,4
29,84,1,46,4
14,66,1,56,4
38,65,1,35,4
29,52,1,36,4
30,49,1,36,4
17,69,1,30,4
23,65,1,54,4
15,69,1,45,4
28,77,1,55,4
48,66,1,56,4
14,66,1,58,4
46,69,1,34,4
28,37,1,51,4
29,43,2,59,4
46,65,1,55,4
29,71,1,40,4
10,68,1,57,4
28,46,1,41,4
28,36,1,59,4
10,65,1,53,4
29,66,1,40,4
19,67,1,52,4
32,66,1,34,4
46,66,1,53,4
23,65,1,54,4
48,68,1,41,4
30,45,1,56,4
37,65,1,33,4
28,35,1,58,4
39,65,1,59,4
40,67,1,57,4
41,68,1,51,4
38,66,1,52,4
29,59,1,55,4
29,38,1,51,4
31,68,1,51,4
40,66,1,44,4
29,65,1,41,4
45,65,1,43,4
32,69,1,40,4
38,68,1,46,4
48,66,1,38,4
24,68,1,32,4
29,23,1,35,4
44,70,1,59,4
28,50,1,37,4
36,66,1,36,4
29,69,1,43,4
40,67,1,37,4
30,66,1,54,4
29,28,1,33,4
32,67,1,55,4
31,67,1,50,4
28,77,1,46,4
29,82,1,55,4
28,34,1,38,4
46,66,1,36,4
28,55,1,39,4
28,47,1,54,4
41,68,1,56,4
28,35,1,51,4
34,68,1,59,4
29,50,1,34,4
36,69,1,55,4
49,66,1,50,4
28,41,1,53,4
49,69,1,39,4
28,44,1,54,4
29,50,1,37,4
19,68,2,59,4
47,68,1,34,4
28,28,1,53,4
11,69,1,56,4
29,22,1,30,4
35,68,1,43,4
17,65,1,35,4
21,66,1,59,4
29,37,1,45,4
49,69,1,42,4
49,67,1,45,4
29,46,1,51,4
45,67,1,50,4
28,59,1,37,4
42,69,1,41,4
29,50,1,37,4
20,68,1,52,4
29,50,1,58,4
49,69,1,44,4
31,65,1,57,4
28,51,1,32,4
29,73,1,30,4
29,30,1,41,4
43,69,1,45,4
29,36,1,38,4
48,68,1,50,4
46,69,1,34,4
28,80,1,41,4
29,29,1,33,4
15,67,1,57,4
28,36,1,34,4
10,68,1,57,4
31,67,1,48,4
28,52,1,47,4
16,68,1,43,4
31,65,1,33,4
24,68,1,30,4
28,31,1,35,4
37,69,1,54,4
17,69,1,30,4
40,67,1,57,4
43,66,1,30,4
49,68,1,42,4
28,47,1,34,4
16,65,1,35,4
28,43,2,59,4
28,57,1,56,4
46,66,1,57,4
31,65,1,45,4
16,67,1,31,4
29,47,1,54,4
28,77,1,46,4
10,69,1,47,4
28,34,1,48,4
32,68,1,33,4
29,30,1,41,4
12,68,1,57,4
49,67,1,38,4
12,68,1,35,4
14,69,1,51,4
23,65,1,37,4
14,69,1,49,4
29,78,1,40,4
31,67,1,46,4
10,69,1,34,4
38,69,1,58,4
37,65,1,58,4
29,42,1,49,4
49,69,1,59,4
10,68,1,34,4
37,65,1,46,4
11,69,1,32,4
33,65,1,56,4
30,66,1,45,4
28,51,1,53,4
28,73,1,58,4
38,66,1,39,4
12,68,1,42,4
46,65,1,44,4
15,68,1,57,4
28,24,1,36,4
28,77,1,55,4
31,68,1,41,4
12,65,1,41,4
32,67,1,55,4
34,66,1,38,4
30,49,1,36,4
31,69,1,32,4
29,52,1,50,4
29,80,1,42,4
21,66,1,41,4
36,69,1,34,4
30,66,1,59,4
29,58,1,31,4
10,68,1,34,4
29,70,1,49,4
15,68,1,58,4
13,65,1,45,4
29,66,1,40,4
14,66,1,48,4
29,57,1,59,4
14,69,1,38,4
47,67,1,38,4
40,66,1,56,4
48,65,1,47,4
29,38,1,37,4
18,65,1,38,4
44,67,1,50,4
28,59,1,37,4
23,67,1,35,4
14,68,1,43,4
28,21,1,33,4
28,48,1,30,4
28,52,1,47,4
19,65,1,36,4
21,69,1,34,4
31,65,1,45,4
28,69,1,39,4
37,67,1,58,4
48,68,1,36,4
20,68,1,57,4
28,34,1,57,4
43,69,1,37,4
30,65,1,41,4
37,66,1,41,4
29,45,1,34,4
19,69,1,40,4
35,69,1,35,4
29,44,1,39,4
29,25,1,32,4
30,71,1,48,4
21,68,1,58,4
21,66,1,59,4
46,66,1,56,4
28,73,1,58,4
19,68,1,43,4
22,68,1,57,4
28,21,1,37,4
28,58,1,45,4
37,69,1,30,4
38,69,1,30,4
28,22,1,52,4
29,74,1,53,4
29,30,1,38,4
14,68,1,50,4
28,53,1,33,4
12,68,1,42,4
44,67,1,50,4
28,57,1,39,4
28,78,1,32,4
28,57,1,52,4
10,66,1,54,4
28,37,1,51,4
29,81,1,53,4
35,66,1,59,4
32,68,1,48,4
31,65,1,51,4
35,66,1,59,4
29,42,1,49,4
28,21,1,33,4
30,45,1,56,4
29,40,1,44,4
10,69,1,47,4
21,66,1,30,4
19,66,1,45,4
48,66,1,38,4
45,67,1,50,4
28,48,1,59,4
29,25,1,34,4
30,67,1,49,4
45,68,1,52,4
29,35,1,38,4
35,69,1,35,4
28,42,1,34,4
29,40,1,51,4
28,40,1,45,4
20,69,1,37,4
28,20,1,42,4
23,67,1,35,4
20,69,1,50,4
41,65,1,45,4
29,22,1,50,4
43,66,1,57,4
13,68,1,37,4
40,68,1,43,4
29,47,1,46,4
29,35,1,38,4
29,49,1,30,4
19,67,1,52,4
28,78,1,43,4
29,22,1,30,4
39,69,1,42,4
28,56,1,59,4
21,67,1,38,4
29,50,1,37,4
29,81,1,53,4
29,57,1,53,4
29,67,1,34,4
45,66,1,56,4
16,68,1,58,4
28,54,1,55,4
30,68,1,45,4
29,26,1,59,4
40,68,1,31,4
20,68,1,52,4
30,83,1,41,4
16,67,1,31,4
16,67,1,40,4
20,66,1,38,4
48,66,1,56,4
28,37,1,54,4
43,66,1,39,4
31,68,1,37,4
40,67,1,37,4
10,66,1,31,4
28,32,1,55,4
28,24,1,32,4
43,69,1,45,4
46,65,1,30,4
17,66,1,55,4
12,67,1,53,4
29,30,1,38,4
44,69,1,42,4
47,66,1,55,4
19,68,2,59,4
29,57,1,59,4
37,66,1,39,4
29,71,1,40,4
23,66,1,53,4
10,68,1,30,4
29,48,1,48,4
13,66,1,31,4
22,67,1,47,4
24,67,1,34,4
28,69,1,54,4
24,68,1,44,4
45,70,1,54,4
34,68,1,57,4
29,67,1,35,4
21,69,1,31,4
16,66,1,41,4
29,48,1,35,4
10,66,1,38,4
28,81,1,42,4
30,69,1,57,4
31,68,1,30,4
45,69,1,57,4
28,34,1,57,4
29,35,1,38,4
28,48,1,30,4
29,66,1,40,4
30,67,1,48,4
28,47,1,53,4
29,22,1,50,4
28,59,1,57,4
30,36,1,43,4
37,65,1,33,4
28,79,1,59,4
28,38,1,43,4
29,73,1,58,4
29,50,1,35,4
29,38,1,32,4
19,65,1,40,4
29,21,1,46,4
29,57,1,43,4
22,67,1,33,4
28,67,1,37,4
16,67,1,40,4
41,69,1,32,4
47,66,1,55,4
48,68,1,50,4
34,68,1,32,4
28,59,1,37,4
20,68,1,52,4
29,33,1,47,4
29,73,1,30,4
12,69,1,58,4
30,67,1,49,4
32,68,1,33,4
38,66,1,39,4
42,66,1,31,4
38,69,1,58,4
11,69,1,32,4
12,69,1,36,4
14,69,1,32,4
32,65,1,53,4
29,84,1,36,4
28,34,1,57,4
29,38,1,32,4
46,69,1,34,4
31,67,1,50,4
48,68,1,36,4
30,66,1,54,4
29,82,1,51,4
28,23,1,33,4
24,68,1,32,4
29,35,1,41,4
28,55,1,39,4
34,66,1,38,4
33,66,1,55,4
28,55,1,35,4
44,68,1,58,4
29,47,1,37,4
12,67,1,38,4
31,66,1,52,4
41,68,1,51,4
49,65,1,58,4
24,65,1,32,4
29,25,1,31,4
29,42,1,51,4
45,67,1,50,4
48,65,1,32,4
28,22,1,52,4
24,66,1,58,4
49,69,1,42,4
28,51,1,54,4
30,82,1,31,4
31,67,1,46,4
28,24,1,36,4
28,38,1,52,4
41,69,1,30,4
34,68,1,42,4
28,57,1,39,4
29,76,1,46,4
16,68,1,30,4
23,69,1,38,4
42,68,1,33,4
29,54,1,54,4
38,67,1,49,4
15,68,1,58,4
17,69,1,30,4
23,69,1,35,4
40,68,1,59,4
29,32,1,38,4
31,67,1,36,4
23,65,1,37,4
28,30,1,42,4
28,34,1,58,4
32,65,1,53,4
28,78,1,43,4
30,66,1,45,4
49,67,1,52,4
30,68,1,51,4
21,66,1,56,4
23,69,1,35,4
29,48,1,43,4
11,68,1,54,4
17,66,1,55,4
32,67,1,55,4
13,68,1,37,4
28,80,1,41,4
10,66,1,33,4
28,23,1,58,4
18,67,1,48,4
48,67,1,34,4
28,77,1,46,4
21,69,1,34,4
28,82,1,43,4
38,65,1,47,4
31,65,2,59,4
29,54,1,54,4
15,65,1,43,4
28,44,1,43,4
29,50,1,58,4
31,67,1,46,4
18,65,1,34,4
29,44,1,39,4
29,28,1,33,4
29,47,1,46,4
40,67,1,57,4
24,65,1,34,4
28,39,1,47,4
34,68,1,32,4
29,38,1,30,4
29,57,1,34,4
22,68,1,53,4
10,69,1,47,4
10,70,1,30,4
23,66,1,42,4
28,43,2,59,4
16,65,1,59,4
17,68,1,39,4
13,65,1,30,4
30,71,1,48,4
45,69,1,57,4
21,66,1,35,4
31,68,1,49,4
28,23,1,58,4
40,65,1,38,4
29,47,1,54,4
28,28,1,56,4
35,65,1,31,4
10,65,1,39,4
46,65,1,58,4
29,45,1,34,4
15,69,1,45,4
16,68,1,30,4
29,65,1,50,4
29,49,1,30,4
29,28,1,31,4
29,67,1,34,4
46,68,1,47,4
29,54,1,54,4
14,67,1,35,4
28,57,1,39,4
28,80,1,51,4
15,65,1,58,4
29,47,1,46,4
28,82,1,42,4
40,65,1,38,4
43,69,1,45,4
38,65,1,47,4
28,52,1,56,4
21,66,1,30,4
29,67,1,35,4
11,68,1,54,4
18,69,1,51,4
37,68,1,31,4
33,66,1,48,4
49,68,1,53,4
37,69,1,46,4
29,83,1,42,4
34,69,1,42,4
49,67,1,52,4
30,36,1,43,4
21,66,1,41,4
44,68,1,58,4
48,68,1,36,4
37,69,1,58,4
48,67,1,51,4
37,65,1,33,4
48,69,1,37,4
31,68,1,37,4
15,67,1,53,4
35,68,1,39,4
36,65,1,33,4
28,59,1,57,4
31,68,1,37,4
22,68,1,47,4
21,69,1,34,4
29,23,1,35,4
24,66,1,58,4
22,68,1,44,4
29,24,1,31,4
29,65,1,36,4
46,65,1,30,4
29,36,1,38,4
29,57,1,43,4
39,65,1,59,4
10,69,1,47,4
29,51,1,57,4
29,37,1,45,4
29,55,1,30,4
34,68,1,47,4
10,65,1,53,4
48,65,1,33,4
29,46,1,43,4
19,67,1,46,4
10,66,1,38,4
28,59,1,41,4
41,68,1,51,4
29,75,1,38,4
13,67,1,48,4
29,44,1,39,4
37,65,1,48,4
38,68,1,46,4
28,56,1,59,4
22,66,1,53,4
29,48,1,43,4
44,66,1,39,4
29,23,1,51,4
18,66,1,32,4
29,50,1,57,4
29,54,1,53,4
28,23,1,58,4
13,65,1,53,4
28,67,1,41,4
38,67,1,49,4
12,65,1,39,4
29,31,1,54,4
40,65,1,43,4
18,65,1,33,4
45,67,1,31,4
44,68,1,43,4
44,68,1,43,4
29,52,1,50,4
37,67,1,49,4
29,66,1,52,4
29,76,1,32,4
31,69,1,49,4
24,66,1,58,4
33,68,1,48,4
29,21,1,32,4
29,37,1,45,4
17,68,1,56,4
40,67,1,37,4
29,79,1,38,4
18,68,1,40,4
46,66,1,36,4
29,66,1,30,4
29,31,1,46,4
28,68,1,52,4
30,82,1,31,4
34,68,1,42,4
37,67,1,58,4
43,65,1,34,4
20,65,1,39,4
28,57,1,31,4
45,67,1,50,4
24,68,1,55,4
36,69,1,55,4
41,68,1,35,4
19,67,1,46,4
15,67,1,53,4
16,65,1,58,4
29,25,1,58,4
14,65,1,35,4
40,68,1,59,4
28,47,1,54,4
36,68,1,53,4
28,40,1,45,4
28,36,1,49,4
45,70,1,54,4
18,68,1,40,4
29,49,1,43,4
29,21,1,38,4
33,66,1,48,4
28,78,1,43,4
31,67,1,36,4
29,66,1,40,4
31,67,1,36,4
48,66,1,56,4
22,69,1,54,4
30,32,1,54,4
38,66,1,47,4
28,49,1,44,4
44,69,1,40,4
21,66,1,56,4
41,65,1,45,4
29,27,1,49,4
18,66,1,33,4
29,25,1,32,4
45,67,1,50,4
44,69,1,35,4
29,50,1,35,4
28,79,1,59,4
12,67,1,54,4
44,67,1,44,4
18,67,1,48,4
31,67,1,50,4
42,67,1,41,4
23,67,1,50,4
29,52,1,36,4
32,67,1,55,4
38,68,1,36,4
13,67,1,48,4
48,65,1,32,4
29,38,1,37,4
28,80,1,51,4
28,34,1,48,4
45,67,1,31,4
20,69,1,50,4
12,66,1,49,4
28,34,1,48,4
10,66,1,38,4
15,67,1,37,4
12,67,1,38,4
28,45,1,43,4
15,69,1,40,4
45,68,1,47,4
44,69,1,35,4
29,71,1,30,4
22,70,1,53,4
30,36,1,43,4
28,57,1,38,4
22,69,1,37,4
33,68,1,33,4
20,68,1,47,4
28,38,1,35,4
12,69,1,58,4
29,38,1,51,4
40,65,1,50,4
28,78,1,39,4
29,58,1,57,4
10,66,1,50,4
42,68,1,33,4
29,26,1,56,4
10,68,1,30,4
40,69,1,41,4
48,67,1,47,4
16,65,1,49,4
39,66,1,40,4
45,65,1,32,4
29,25,1,34,4
24,68,1,32,4
35,66,1,59,4
13,65,1,53,4
24,69,1,49,4
30,55,1,47,4
28,23,1,58,4
29,43,1,34,4
29,54,1,54,4
29,30,1,53,4
29,26,1,59,4
10,66,1,33,4
28,84,1,31,4
28,20,1,42,4
10,66,1,31,4
47,69,1,59,4
29,48,1,35,4
12,69,1,40,4
29,46,1,51,4
28,36,1,49,4
28,69,1,56,4
34,68,1,47,4
37,67,1,49,4
29,59,1,55,4
28,74,1,58,4
12,68,1,55,4
18,65,1,53,4
46,67,1,46,4
28,74,1,49,4
29,30,1,41,4
14,66,1,58,4
14,65,1,35,4
13,66,1,46,4
29,46,1,51,4
28,23,1,58,4
28,70,1,30,4
30,82,1,31,4
29,32,1,38,4
22,68,1,47,4
29,48,1,31,4
29,75,1,38,4
28,37,1,40,4
43,65,1,32,4
29,25,1,40,4
29,79,1,38,4
31,67,1,46,4
28,44,1,46,4
41,65,1,35,4
29,47,1,50,4
29,54,1,54,4
28,25,1,38,4
28,57,1,31,4
40,69,1,41,4
22,70,1,53,4
28,71,1,50,4
28,23,1,47,4
10,67,1,33,4
48,67,1,57,4
14,65,1,39,4
28,59,1,34,4
29,41,1,38,4
28,43,2,59,4
